-- MySQL dump 10.13  Distrib 8.0.19, for Win64 (x86_64)
--
-- Host: localhost    Database: dmt_db
-- ------------------------------------------------------
-- Server version	5.5.5-10.4.32-MariaDB

/*!40101 SET @OLD_CHARACTER_SET_CLIENT=@@CHARACTER_SET_CLIENT */;
/*!40101 SET @OLD_CHARACTER_SET_RESULTS=@@CHARACTER_SET_RESULTS */;
/*!40101 SET @OLD_COLLATION_CONNECTION=@@COLLATION_CONNECTION */;
/*!50503 SET NAMES utf8mb4 */;
/*!40103 SET @OLD_TIME_ZONE=@@TIME_ZONE */;
/*!40103 SET TIME_ZONE='+00:00' */;
/*!40014 SET @OLD_UNIQUE_CHECKS=@@UNIQUE_CHECKS, UNIQUE_CHECKS=0 */;
/*!40014 SET @OLD_FOREIGN_KEY_CHECKS=@@FOREIGN_KEY_CHECKS, FOREIGN_KEY_CHECKS=0 */;
/*!40101 SET @OLD_SQL_MODE=@@SQL_MODE, SQL_MODE='NO_AUTO_VALUE_ON_ZERO' */;
/*!40111 SET @OLD_SQL_NOTES=@@SQL_NOTES, SQL_NOTES=0 */;

--
-- Table structure for table `activities`
--

DROP TABLE IF EXISTS `activities`;
/*!40101 SET @saved_cs_client     = @@character_set_client */;
/*!50503 SET character_set_client = utf8mb4 */;
CREATE TABLE `activities` (
  `id` bigint(20) unsigned NOT NULL AUTO_INCREMENT,
  `action` varchar(100) NOT NULL,
  `document_id` bigint(20) unsigned DEFAULT NULL,
  `office_id` text DEFAULT NULL,
  `final_approval` varchar(10) NOT NULL DEFAULT '0',
  `document_control_number` varchar(255) DEFAULT NULL,
  `user_id` bigint(20) unsigned DEFAULT NULL,
  `from_user_id` varchar(10) DEFAULT NULL,
  `routed_to` bigint(20) unsigned DEFAULT NULL,
  `to_external` varchar(10) NOT NULL DEFAULT '0',
  `final_remarks` text DEFAULT NULL,
  `created_at` timestamp NULL DEFAULT NULL,
  `updated_at` timestamp NULL DEFAULT NULL,
  PRIMARY KEY (`id`),
  KEY `activities_document_id_foreign` (`document_id`),
  KEY `activities_user_id_foreign` (`user_id`),
  CONSTRAINT `activities_document_id_foreign` FOREIGN KEY (`document_id`) REFERENCES `documents` (`document_id`) ON DELETE CASCADE,
  CONSTRAINT `activities_user_id_foreign` FOREIGN KEY (`user_id`) REFERENCES `users` (`id`) ON DELETE SET NULL
) ENGINE=InnoDB AUTO_INCREMENT=2520 DEFAULT CHARSET=utf8mb4 COLLATE=utf8mb4_unicode_ci;
/*!40101 SET character_set_client = @saved_cs_client */;

--
-- Dumping data for table `activities`
--

LOCK TABLES `activities` WRITE;
/*!40000 ALTER TABLE `activities` DISABLE KEYS */;
INSERT INTO `activities` VALUES (2329,'upload',242,NULL,'0','16012026-00001',22,'22',NULL,'0','asdasd','2026-01-16 06:13:35','2026-01-16 06:13:35'),(2330,'view',242,NULL,'0','16012026-00001',17,NULL,NULL,'0',NULL,'2026-01-16 06:13:44','2026-01-16 06:13:44'),(2331,'confirm',242,NULL,'0','16012026-00001',17,'22',NULL,'0',NULL,'2026-01-16 06:13:46','2026-01-16 06:13:46'),(2332,'view',242,NULL,'0','16012026-00001',17,NULL,NULL,'0',NULL,'2026-01-16 06:17:15','2026-01-16 06:17:15'),(2333,'upload',243,NULL,'0','16012026-00002',22,'22',NULL,'0','asd','2026-01-16 06:18:11','2026-01-16 06:18:11'),(2334,'view',243,NULL,'0','16012026-00002',17,NULL,NULL,'0',NULL,'2026-01-16 06:18:21','2026-01-16 06:18:21'),(2335,'confirm',243,NULL,'0','16012026-00002',17,'22',NULL,'0',NULL,'2026-01-16 06:18:22','2026-01-16 06:18:22'),(2336,'view',243,NULL,'0','16012026-00002',17,NULL,NULL,'0',NULL,'2026-01-16 06:24:29','2026-01-16 06:24:29'),(2337,'view',242,NULL,'0','16012026-00001',17,NULL,NULL,'0',NULL,'2026-01-16 06:24:31','2026-01-16 06:24:31'),(2338,'upload',244,NULL,'0','16012026-00003',22,'22',NULL,'0','eqwewe','2026-01-16 06:24:52','2026-01-16 06:24:52'),(2339,'view',244,NULL,'0','16012026-00003',17,NULL,NULL,'0',NULL,'2026-01-16 06:24:59','2026-01-16 06:24:59'),(2340,'confirm',244,NULL,'0','16012026-00003',17,'22',NULL,'0',NULL,'2026-01-16 06:25:01','2026-01-16 06:25:01'),(2341,'view',244,NULL,'0','16012026-00003',17,NULL,NULL,'0',NULL,'2026-01-16 06:29:38','2026-01-16 06:29:38'),(2342,'upload',245,NULL,'0','16012026-00004',22,'22',NULL,'0','asdasd','2026-01-16 06:30:04','2026-01-16 06:30:04'),(2343,'view',245,NULL,'0','16012026-00004',17,NULL,NULL,'0',NULL,'2026-01-16 06:30:10','2026-01-16 06:30:10'),(2344,'confirm',245,NULL,'0','16012026-00004',17,'22',NULL,'0',NULL,'2026-01-16 06:30:11','2026-01-16 06:30:11'),(2345,'view',245,NULL,'0','16012026-00004',17,NULL,NULL,'0',NULL,'2026-01-16 06:36:31','2026-01-16 06:36:31'),(2346,'view',245,NULL,'0','16012026-00004',17,NULL,NULL,'0',NULL,'2026-01-16 06:37:50','2026-01-16 06:37:50'),(2347,'upload',246,NULL,'0','16012026-00005',22,'22',NULL,'0','asdadas','2026-01-16 06:38:18','2026-01-16 06:38:18'),(2348,'view',246,NULL,'0','16012026-00005',17,NULL,NULL,'0',NULL,'2026-01-16 06:38:23','2026-01-16 06:38:23'),(2349,'confirm',246,NULL,'0','16012026-00005',17,'22',NULL,'0',NULL,'2026-01-16 06:38:24','2026-01-16 06:38:24'),(2350,'upload',247,NULL,'0','16012026-00006',22,'22',NULL,'0','asdads','2026-01-16 06:40:18','2026-01-16 06:40:18'),(2351,'view',247,NULL,'0','16012026-00006',17,NULL,NULL,'0',NULL,'2026-01-16 06:40:23','2026-01-16 06:40:23'),(2352,'confirm',247,NULL,'0','16012026-00006',17,'22',NULL,'0',NULL,'2026-01-16 06:40:24','2026-01-16 06:40:24'),(2353,'view',247,NULL,'0','16012026-00006',17,NULL,NULL,'0',NULL,'2026-01-16 06:41:06','2026-01-16 06:41:06'),(2354,'view',246,NULL,'0','16012026-00005',17,NULL,NULL,'0',NULL,'2026-01-16 06:41:08','2026-01-16 06:41:08'),(2355,'view',247,NULL,'0','16012026-00006',17,NULL,NULL,'0',NULL,'2026-01-16 06:41:10','2026-01-16 06:41:10'),(2356,'view',247,NULL,'0','16012026-00006',17,NULL,NULL,'0',NULL,'2026-01-16 06:41:15','2026-01-16 06:41:15'),(2357,'view',247,NULL,'0','16012026-00006',17,NULL,NULL,'0',NULL,'2026-01-16 06:43:12','2026-01-16 06:43:12'),(2358,'view',247,NULL,'0','16012026-00006',17,NULL,NULL,'0',NULL,'2026-01-16 06:50:25','2026-01-16 06:50:25'),(2359,'view',247,NULL,'0','16012026-00006',17,NULL,NULL,'0',NULL,'2026-01-16 06:59:03','2026-01-16 06:59:03'),(2360,'route',247,NULL,'0','16012026-00006',17,'17',19,'1','41dsf13ewqrWeWQQWRqwe','2026-01-16 06:59:33','2026-01-16 06:59:33'),(2361,'view',247,NULL,'0','16012026-00006',17,NULL,NULL,'0',NULL,'2026-01-16 06:59:37','2026-01-16 06:59:37'),(2362,'upload',248,NULL,'0','20012026-00001',16,'16',NULL,'0','asd','2026-01-20 02:40:46','2026-01-20 02:40:46'),(2363,'upload',249,NULL,'0','20012026-00002',16,'16',NULL,'0','asd','2026-01-20 02:44:31','2026-01-20 02:44:31'),(2364,'view',249,NULL,'0','20012026-00002',45,NULL,NULL,'0',NULL,'2026-01-20 02:44:37','2026-01-20 02:44:37'),(2365,'confirm',249,NULL,'0','20012026-00002',45,'16',NULL,'0',NULL,'2026-01-20 02:45:29','2026-01-20 02:45:29'),(2366,'confirm',249,NULL,'0','20012026-00002',45,'16',NULL,'0',NULL,'2026-01-20 02:45:30','2026-01-20 02:45:30'),(2367,'confirm',249,NULL,'0','20012026-00002',45,'16',NULL,'0',NULL,'2026-01-20 02:45:32','2026-01-20 02:45:32'),(2368,'confirm',249,NULL,'0','20012026-00002',45,'16',NULL,'0',NULL,'2026-01-20 02:45:34','2026-01-20 02:45:34'),(2369,'confirm',249,NULL,'0','20012026-00002',45,'16',NULL,'0',NULL,'2026-01-20 02:45:34','2026-01-20 02:45:34'),(2370,'view',249,NULL,'0','20012026-00002',16,NULL,NULL,'0',NULL,'2026-01-20 02:47:05','2026-01-20 02:47:05'),(2371,'upload',250,NULL,'0','20012026-00003',43,'43',NULL,'0','test02','2026-01-20 02:54:10','2026-01-20 02:54:10'),(2372,'view',250,NULL,'0','20012026-00003',45,NULL,NULL,'0',NULL,'2026-01-20 02:55:52','2026-01-20 02:55:52'),(2373,'confirm',250,NULL,'0','20012026-00003',45,'43',NULL,'0',NULL,'2026-01-20 02:55:58','2026-01-20 02:55:58'),(2374,'confirm',250,NULL,'0','20012026-00003',45,'43',NULL,'0',NULL,'2026-01-20 02:56:02','2026-01-20 02:56:02'),(2375,'upload',251,NULL,'0','20012026-00004',43,'43',NULL,'0','test03','2026-01-20 02:59:03','2026-01-20 02:59:03'),(2376,'view',251,NULL,'0','20012026-00004',45,NULL,NULL,'0',NULL,'2026-01-20 02:59:18','2026-01-20 02:59:18'),(2377,'confirm',251,NULL,'0','20012026-00004',45,'43',NULL,'0',NULL,'2026-01-20 02:59:27','2026-01-20 02:59:27'),(2378,'confirm',251,NULL,'0','20012026-00004',45,'43',NULL,'0',NULL,'2026-01-20 02:59:27','2026-01-20 02:59:27'),(2379,'confirm',251,NULL,'0','20012026-00004',45,'43',NULL,'0',NULL,'2026-01-20 02:59:28','2026-01-20 02:59:28'),(2380,'confirm',251,NULL,'0','20012026-00004',45,'43',NULL,'0',NULL,'2026-01-20 02:59:28','2026-01-20 02:59:28'),(2381,'confirm',251,NULL,'0','20012026-00004',45,'43',NULL,'0',NULL,'2026-01-20 02:59:29','2026-01-20 02:59:29'),(2382,'upload',252,NULL,'0','20012026-00005',43,'43',NULL,'0','test04','2026-01-20 03:01:07','2026-01-20 03:01:07'),(2383,'view',252,NULL,'0','20012026-00005',45,NULL,NULL,'0',NULL,'2026-01-20 03:01:16','2026-01-20 03:01:16'),(2384,'confirm',252,NULL,'0','20012026-00005',45,'43',NULL,'0',NULL,'2026-01-20 03:01:22','2026-01-20 03:01:22'),(2385,'upload',253,NULL,'0','20012026-00006',45,'45',NULL,'0','test0005','2026-01-20 03:08:09','2026-01-20 03:08:09'),(2386,'view',253,NULL,'0','20012026-00006',45,NULL,NULL,'0',NULL,'2026-01-20 03:08:55','2026-01-20 03:08:55'),(2387,'view',252,NULL,'0','20012026-00005',45,NULL,NULL,'0',NULL,'2026-01-20 03:17:52','2026-01-20 03:17:52'),(2388,'view',252,NULL,'0','20012026-00005',45,NULL,NULL,'0',NULL,'2026-01-20 03:33:06','2026-01-20 03:33:06'),(2389,'view',252,NULL,'0','20012026-00005',45,NULL,NULL,'0',NULL,'2026-01-20 03:35:48','2026-01-20 03:35:48'),(2390,'view',252,NULL,'0','20012026-00005',45,NULL,NULL,'0',NULL,'2026-01-20 03:35:59','2026-01-20 03:35:59'),(2391,'view',252,NULL,'0','20012026-00005',45,NULL,NULL,'0',NULL,'2026-01-20 03:36:29','2026-01-20 03:36:29'),(2392,'view',248,NULL,'0','20012026-00001',43,NULL,NULL,'0',NULL,'2026-01-20 03:36:59','2026-01-20 03:36:59'),(2393,'confirm',248,NULL,'0','20012026-00001',43,'16',NULL,'0',NULL,'2026-01-20 03:37:04','2026-01-20 03:37:04'),(2394,'route',248,NULL,'0','20012026-00001',43,'43',44,'1','fadsadadads','2026-01-20 03:37:18','2026-01-20 03:37:18'),(2395,'view',253,NULL,'0','20012026-00006',43,NULL,NULL,'0',NULL,'2026-01-20 03:37:22','2026-01-20 03:37:22'),(2396,'view',248,NULL,'0','20012026-00001',43,NULL,NULL,'0',NULL,'2026-01-20 03:37:34','2026-01-20 03:37:34'),(2397,'view',248,NULL,'0','20012026-00001',44,NULL,NULL,'0',NULL,'2026-01-20 03:38:14','2026-01-20 03:38:14'),(2398,'approved',248,NULL,'0','20012026-00001',44,'44',NULL,'0','asdadad','2026-01-20 03:38:20','2026-01-20 03:38:20'),(2399,'view',248,NULL,'0','20012026-00001',44,NULL,NULL,'0',NULL,'2026-01-20 03:38:40','2026-01-20 03:38:40'),(2400,'view',248,NULL,'0','20012026-00001',44,NULL,NULL,'0',NULL,'2026-01-20 03:40:14','2026-01-20 03:40:14'),(2401,'approved',248,NULL,'0','20012026-00001',44,'44',NULL,'0','for final approval','2026-01-20 03:40:31','2026-01-20 03:40:31'),(2402,'view',248,NULL,'0','20012026-00001',46,NULL,NULL,'0',NULL,'2026-01-20 03:48:26','2026-01-20 03:48:26'),(2403,'approved',248,NULL,'1','20012026-00001',46,'46',NULL,'0','finally approved','2026-01-20 03:48:38','2026-01-20 03:48:38'),(2404,'view',248,NULL,'0','20012026-00001',45,NULL,NULL,'0',NULL,'2026-01-20 03:59:46','2026-01-20 03:59:46'),(2405,'view',248,NULL,'0','20012026-00001',45,NULL,NULL,'0',NULL,'2026-01-20 04:00:09','2026-01-20 04:00:09'),(2406,'view',248,NULL,'0','20012026-00001',46,NULL,NULL,'0',NULL,'2026-01-20 04:02:23','2026-01-20 04:02:23'),(2407,'view',248,NULL,'0','20012026-00001',44,NULL,NULL,'0',NULL,'2026-01-20 04:03:18','2026-01-20 04:03:18'),(2408,'view',248,NULL,'0','20012026-00001',46,NULL,NULL,'0',NULL,'2026-01-20 04:04:25','2026-01-20 04:04:25'),(2409,'view',248,NULL,'0','20012026-00001',43,NULL,NULL,'0',NULL,'2026-01-20 04:05:53','2026-01-20 04:05:53'),(2410,'sign',248,NULL,'0','20012026-00001',43,'43',NULL,'0',NULL,'2026-01-20 04:06:05','2026-01-20 04:06:05'),(2411,'view',248,NULL,'0','20012026-00001',43,NULL,NULL,'0',NULL,'2026-01-20 04:06:08','2026-01-20 04:06:08'),(2412,'view',253,NULL,'0','20012026-00006',43,NULL,NULL,'0',NULL,'2026-01-20 04:06:16','2026-01-20 04:06:16'),(2413,'view',248,NULL,'0','20012026-00001',43,NULL,NULL,'0',NULL,'2026-01-20 04:06:17','2026-01-20 04:06:17'),(2414,'view',248,NULL,'0','20012026-00001',43,NULL,NULL,'0',NULL,'2026-01-20 04:06:21','2026-01-20 04:06:21'),(2415,'view',248,NULL,'0','20012026-00001',43,NULL,NULL,'0',NULL,'2026-01-20 04:06:23','2026-01-20 04:06:23'),(2416,'view',248,NULL,'0','20012026-00001',43,NULL,NULL,'0',NULL,'2026-01-20 04:09:17','2026-01-20 04:09:17'),(2417,'view',248,NULL,'0','20012026-00001',43,NULL,NULL,'0',NULL,'2026-01-20 04:09:19','2026-01-20 04:09:19'),(2418,'route',248,NULL,'0','20012026-00001',43,'43',NULL,'1','signed ty','2026-01-20 04:09:39','2026-01-20 04:09:39'),(2419,'view',248,NULL,'0','20012026-00001',43,NULL,NULL,'0',NULL,'2026-01-20 04:09:58','2026-01-20 04:09:58'),(2420,'view',248,NULL,'0','20012026-00001',43,NULL,NULL,'0',NULL,'2026-01-20 04:10:08','2026-01-20 04:10:08'),(2421,'view',253,NULL,'0','20012026-00006',43,NULL,NULL,'0',NULL,'2026-01-20 04:12:14','2026-01-20 04:12:14'),(2422,'view',248,NULL,'0','20012026-00001',43,NULL,NULL,'0',NULL,'2026-01-20 04:12:16','2026-01-20 04:12:16'),(2423,'view',248,NULL,'0','20012026-00001',43,NULL,NULL,'0',NULL,'2026-01-20 04:13:27','2026-01-20 04:13:27'),(2424,'view',248,NULL,'0','20012026-00001',43,NULL,NULL,'0',NULL,'2026-01-20 04:14:40','2026-01-20 04:14:40'),(2425,'view',248,NULL,'0','20012026-00001',43,NULL,NULL,'0',NULL,'2026-01-20 04:58:18','2026-01-20 04:58:18'),(2426,'view',252,NULL,'0','20012026-00005',45,NULL,NULL,'0',NULL,'2026-01-20 05:15:33','2026-01-20 05:15:33'),(2427,'view',252,NULL,'0','20012026-00005',45,NULL,NULL,'0',NULL,'2026-01-20 05:17:52','2026-01-20 05:17:52'),(2428,'view',253,NULL,'0','20012026-00006',45,NULL,NULL,'0',NULL,'2026-01-20 05:19:30','2026-01-20 05:19:30'),(2429,'view',248,NULL,'0','20012026-00001',45,NULL,NULL,'0',NULL,'2026-01-20 05:19:46','2026-01-20 05:19:46'),(2430,'view',253,NULL,'0','20012026-00006',45,NULL,NULL,'0',NULL,'2026-01-20 05:21:58','2026-01-20 05:21:58'),(2431,'view',248,NULL,'0','20012026-00001',45,NULL,NULL,'0',NULL,'2026-01-20 05:22:00','2026-01-20 05:22:00'),(2432,'view',248,NULL,'0','20012026-00001',45,NULL,NULL,'0',NULL,'2026-01-20 05:23:48','2026-01-20 05:23:48'),(2433,'view',253,NULL,'0','20012026-00006',45,NULL,NULL,'0',NULL,'2026-01-20 05:26:32','2026-01-20 05:26:32'),(2434,'view',248,NULL,'0','20012026-00001',45,NULL,NULL,'0',NULL,'2026-01-20 05:26:35','2026-01-20 05:26:35'),(2435,'view',248,NULL,'0','20012026-00001',45,NULL,NULL,'0',NULL,'2026-01-20 05:28:27','2026-01-20 05:28:27'),(2436,'view',248,NULL,'0','20012026-00001',45,NULL,NULL,'0',NULL,'2026-01-20 05:29:10','2026-01-20 05:29:10'),(2437,'view',248,NULL,'0','20012026-00001',45,NULL,NULL,'0',NULL,'2026-01-20 05:29:39','2026-01-20 05:29:39'),(2438,'view',248,NULL,'0','20012026-00001',45,NULL,NULL,'0',NULL,'2026-01-20 05:31:41','2026-01-20 05:31:41'),(2439,'view',248,NULL,'0','20012026-00001',45,NULL,NULL,'0',NULL,'2026-01-20 05:38:26','2026-01-20 05:38:26'),(2440,'view',248,NULL,'0','20012026-00001',45,NULL,NULL,'0',NULL,'2026-01-20 05:39:30','2026-01-20 05:39:30'),(2441,'view',248,NULL,'0','20012026-00001',45,NULL,NULL,'0',NULL,'2026-01-20 05:41:26','2026-01-20 05:41:26'),(2442,'view',248,NULL,'0','20012026-00001',45,NULL,NULL,'0',NULL,'2026-01-20 05:49:03','2026-01-20 05:49:03'),(2443,'view',248,NULL,'0','20012026-00001',45,NULL,NULL,'0',NULL,'2026-01-20 05:52:21','2026-01-20 05:52:21'),(2444,'view',248,NULL,'0','20012026-00001',45,NULL,NULL,'0',NULL,'2026-01-20 05:53:42','2026-01-20 05:53:42'),(2445,'view',248,NULL,'0','20012026-00001',45,NULL,NULL,'0',NULL,'2026-01-20 05:56:42','2026-01-20 05:56:42'),(2446,'view',248,NULL,'0','20012026-00001',45,NULL,NULL,'0',NULL,'2026-01-20 05:58:12','2026-01-20 05:58:12'),(2447,'upload',254,'ODDG-PP','0','20012026-00007',45,'45',NULL,'0','test033','2026-01-20 06:11:02','2026-01-20 06:11:02'),(2448,'view',254,NULL,'0','20012026-00007',43,NULL,NULL,'0',NULL,'2026-01-20 06:11:34','2026-01-20 06:11:34'),(2449,'confirm',254,NULL,'0','20012026-00007',43,'45',NULL,'0',NULL,'2026-01-20 06:11:37','2026-01-20 06:11:37'),(2450,'route',254,'SU','0','20012026-00007',43,'43',44,'1','adsadasds','2026-01-20 06:12:47','2026-01-20 06:12:47'),(2451,'view',254,NULL,'0','20012026-00007',43,NULL,NULL,'0',NULL,'2026-01-20 06:13:17','2026-01-20 06:13:17'),(2452,'view',254,NULL,'0','20012026-00007',44,NULL,NULL,'0',NULL,'2026-01-20 06:13:45','2026-01-20 06:13:45'),(2453,'approved',254,NULL,'0','20012026-00007',44,'44',NULL,'0','approved','2026-01-20 06:13:55','2026-01-20 06:13:55'),(2454,'view',254,NULL,'0','20012026-00007',46,NULL,NULL,'0',NULL,'2026-01-20 06:14:28','2026-01-20 06:14:28'),(2455,'approved',254,NULL,'1','20012026-00007',46,'46',NULL,'0','final approval','2026-01-20 06:14:47','2026-01-20 06:14:47'),(2456,'view',254,NULL,'0','20012026-00007',46,NULL,NULL,'0',NULL,'2026-01-20 06:15:50','2026-01-20 06:15:50'),(2457,'view',254,NULL,'0','20012026-00007',43,NULL,NULL,'0',NULL,'2026-01-20 06:16:10','2026-01-20 06:16:10'),(2458,'sign',254,'SU','0','20012026-00007',43,'43',NULL,'0',NULL,'2026-01-20 06:16:18','2026-01-20 06:16:18'),(2459,'view',254,NULL,'0','20012026-00007',43,NULL,NULL,'0',NULL,'2026-01-20 06:16:21','2026-01-20 06:16:21'),(2460,'route',254,'SU','0','20012026-00007',43,'43',NULL,'1','signed','2026-01-20 06:16:44','2026-01-20 06:16:44'),(2461,'view',254,NULL,'0','20012026-00007',45,NULL,NULL,'0',NULL,'2026-01-20 06:16:50','2026-01-20 06:16:50'),(2462,'confirm',254,'ODDG-PP','0','20012026-00007',45,'45',NULL,'0',NULL,'2026-01-20 06:16:55','2026-01-20 06:16:55'),(2463,'view',254,NULL,'0','20012026-00007',45,NULL,NULL,'0',NULL,'2026-01-20 06:17:52','2026-01-20 06:17:52'),(2464,'view',254,NULL,'0','20012026-00007',45,NULL,NULL,'0',NULL,'2026-01-20 06:25:59','2026-01-20 06:25:59'),(2465,'view',252,NULL,'0','20012026-00005',45,NULL,NULL,'0',NULL,'2026-01-20 06:28:11','2026-01-20 06:28:11'),(2466,'view',252,NULL,'0','20012026-00005',45,NULL,NULL,'0',NULL,'2026-01-20 06:28:49','2026-01-20 06:28:49'),(2467,'upload',255,'ODDG-PP','0','21012026-00001',45,'45',NULL,'0','qwe','2026-01-21 05:11:34','2026-01-21 05:11:34'),(2468,'upload',256,'ODDG-PP','0','21012026-00002',45,'45',NULL,'0','asdads','2026-01-21 05:12:12','2026-01-21 05:12:12'),(2469,'view',256,NULL,'0','21012026-00002',45,NULL,NULL,'0',NULL,'2026-01-21 05:12:17','2026-01-21 05:12:17'),(2470,'view',254,NULL,'0','20012026-00007',45,NULL,NULL,'0',NULL,'2026-01-21 05:26:25','2026-01-21 05:26:25'),(2471,'view',254,NULL,'0','20012026-00007',45,NULL,NULL,'0',NULL,'2026-01-21 06:12:47','2026-01-21 06:12:47'),(2472,'view',254,NULL,'0','20012026-00007',45,NULL,NULL,'0',NULL,'2026-01-21 06:32:55','2026-01-21 06:32:55'),(2473,'view',256,NULL,'0','21012026-00002',43,NULL,NULL,'0',NULL,'2026-01-22 01:07:59','2026-01-22 01:07:59'),(2474,'upload',257,'SU','0','22012026-00001',43,'43',NULL,'0','asdasdda','2026-01-22 01:45:32','2026-01-22 01:45:32'),(2475,'view',257,NULL,'0','22012026-00001',45,NULL,NULL,'0',NULL,'2026-01-22 01:45:39','2026-01-22 01:45:39'),(2476,'confirm',257,'ODDG-PP','0','22012026-00001',45,'43',NULL,'0',NULL,'2026-01-22 01:45:55','2026-01-22 01:45:55'),(2477,'upload',258,'ODDG-PP','0','22012026-00002',45,'45',NULL,'0','asdadads','2026-01-22 01:46:54','2026-01-22 01:46:54'),(2478,'upload',259,'ODDG-PP','0','22012026-00003',45,'45',NULL,'0','adsadsads','2026-01-22 01:47:27','2026-01-22 01:47:27'),(2479,'view',259,NULL,'0','22012026-00003',43,NULL,NULL,'0',NULL,'2026-01-22 01:47:36','2026-01-22 01:47:36'),(2480,'confirm',259,'SU','0','22012026-00003',43,'45',NULL,'0',NULL,'2026-01-22 01:47:43','2026-01-22 01:47:43'),(2481,'route',259,'SU','0','22012026-00003',43,'43',44,'1','preapproval1','2026-01-22 01:48:18','2026-01-22 01:48:18'),(2482,'view',259,NULL,'0','22012026-00003',44,NULL,NULL,'0',NULL,'2026-01-22 01:49:05','2026-01-22 01:49:05'),(2483,'approved',259,NULL,'0','22012026-00003',44,'44',NULL,'0','final approval','2026-01-22 01:49:15','2026-01-22 01:49:15'),(2484,'view',259,NULL,'0','22012026-00003',46,NULL,NULL,'0',NULL,'2026-01-22 01:50:00','2026-01-22 01:50:00'),(2485,'view',259,NULL,'0','22012026-00003',46,NULL,NULL,'0',NULL,'2026-01-22 01:50:20','2026-01-22 01:50:20'),(2486,'view',254,NULL,'0','20012026-00007',46,NULL,NULL,'0',NULL,'2026-01-22 01:52:00','2026-01-22 01:52:00'),(2487,'view',259,NULL,'0','22012026-00003',46,NULL,NULL,'0',NULL,'2026-01-22 01:52:22','2026-01-22 01:52:22'),(2488,'disapproved',259,NULL,'0','22012026-00003',46,'46',NULL,'0',NULL,'2026-01-22 01:52:27','2026-01-22 01:52:27'),(2489,'view',259,NULL,'0','22012026-00003',44,NULL,NULL,'0',NULL,'2026-01-22 01:52:48','2026-01-22 01:52:48'),(2490,'view',259,NULL,'0','22012026-00003',43,NULL,NULL,'0',NULL,'2026-01-22 01:53:35','2026-01-22 01:53:35'),(2491,'route',259,'SU','0','22012026-00003',43,'43',NULL,'1','remanded there is error on page 1 to 10','2026-01-22 01:54:16','2026-01-22 01:54:16'),(2492,'upload',260,'SU','0','22012026-00004',43,'43',NULL,'0','testpp','2026-01-22 02:13:25','2026-01-22 02:13:25'),(2493,'view',260,NULL,'0','22012026-00004',47,NULL,NULL,'0',NULL,'2026-01-22 02:13:54','2026-01-22 02:13:54'),(2494,'confirm',260,'ODDG-PP','0','22012026-00004',47,'43',NULL,'0',NULL,'2026-01-22 02:14:42','2026-01-22 02:14:42'),(2495,'view',260,NULL,'0','22012026-00004',43,NULL,NULL,'0',NULL,'2026-01-22 02:14:48','2026-01-22 02:14:48'),(2496,'view',256,NULL,'0','21012026-00002',43,NULL,NULL,'0',NULL,'2026-01-22 02:15:30','2026-01-22 02:15:30'),(2497,'confirm',256,'SU','0','21012026-00002',43,'45',NULL,'0',NULL,'2026-01-22 02:15:34','2026-01-22 02:15:34'),(2498,'view',256,NULL,'0','21012026-00002',43,NULL,NULL,'0',NULL,'2026-01-22 02:15:41','2026-01-22 02:15:41'),(2499,'view',256,NULL,'0','21012026-00002',43,NULL,NULL,'0',NULL,'2026-01-22 02:15:53','2026-01-22 02:15:53'),(2500,'view',256,NULL,'0','21012026-00002',47,NULL,NULL,'0',NULL,'2026-01-22 02:43:16','2026-01-22 02:43:16'),(2501,'view',252,NULL,'0','20012026-00005',47,NULL,NULL,'0',NULL,'2026-01-22 03:42:30','2026-01-22 03:42:30'),(2502,'view',247,NULL,'0','16012026-00006',47,NULL,NULL,'0',NULL,'2026-01-22 03:42:32','2026-01-22 03:42:32'),(2503,'view',247,NULL,'0','16012026-00006',47,NULL,NULL,'0',NULL,'2026-01-22 03:42:33','2026-01-22 03:42:33'),(2504,'view',245,NULL,'0','16012026-00004',47,NULL,NULL,'0',NULL,'2026-01-22 03:42:34','2026-01-22 03:42:34'),(2505,'view',246,NULL,'0','16012026-00005',47,NULL,NULL,'0',NULL,'2026-01-22 03:42:35','2026-01-22 03:42:35'),(2506,'view',244,NULL,'0','16012026-00003',47,NULL,NULL,'0',NULL,'2026-01-22 03:42:37','2026-01-22 03:42:37'),(2507,'view',247,NULL,'0','16012026-00006',47,NULL,NULL,'0',NULL,'2026-01-22 03:43:00','2026-01-22 03:43:00'),(2508,'view',247,NULL,'0','16012026-00006',47,NULL,NULL,'0',NULL,'2026-01-22 03:43:14','2026-01-22 03:43:14'),(2509,'view',247,NULL,'0','16012026-00006',47,NULL,NULL,'0',NULL,'2026-01-22 03:43:16','2026-01-22 03:43:16'),(2510,'view',247,NULL,'0','16012026-00006',47,NULL,NULL,'0',NULL,'2026-01-22 03:44:09','2026-01-22 03:44:09'),(2511,'view',258,NULL,'0','22012026-00002',47,NULL,NULL,'0',NULL,'2026-01-22 03:54:20','2026-01-22 03:54:20'),(2512,'confirm',258,'ODDG-PP','0','22012026-00002',47,'45',NULL,'0',NULL,'2026-01-22 03:54:25','2026-01-22 03:54:25'),(2513,'view',259,NULL,'0','22012026-00003',47,NULL,NULL,'0',NULL,'2026-01-22 03:55:26','2026-01-22 03:55:26'),(2514,'view',259,NULL,'0','22012026-00003',47,NULL,NULL,'0',NULL,'2026-01-22 05:23:13','2026-01-22 05:23:13'),(2515,'view',259,NULL,'0','22012026-00003',47,NULL,NULL,'0',NULL,'2026-01-22 05:23:15','2026-01-22 05:23:15'),(2516,'view',259,NULL,'0','22012026-00003',47,NULL,NULL,'0',NULL,'2026-01-22 05:23:20','2026-01-22 05:23:20'),(2517,'view',259,NULL,'0','22012026-00003',43,NULL,NULL,'0',NULL,'2026-01-22 05:23:33','2026-01-22 05:23:33'),(2518,'view',259,NULL,'0','22012026-00003',47,NULL,NULL,'0',NULL,'2026-01-22 05:24:21','2026-01-22 05:24:21'),(2519,'view',260,NULL,'0','22012026-00004',47,NULL,NULL,'0',NULL,'2026-01-22 05:24:28','2026-01-22 05:24:28');
/*!40000 ALTER TABLE `activities` ENABLE KEYS */;
UNLOCK TABLES;

--
-- Table structure for table `approval_table`
--

DROP TABLE IF EXISTS `approval_table`;
/*!40101 SET @saved_cs_client     = @@character_set_client */;
/*!50503 SET character_set_client = utf8mb4 */;
CREATE TABLE `approval_table` (
  `id` bigint(20) unsigned NOT NULL AUTO_INCREMENT,
  `document_id` bigint(20) unsigned NOT NULL,
  `user_id` bigint(20) unsigned NOT NULL,
  `from_user` int(11) NOT NULL DEFAULT 0,
  `approval_type` varchar(100) NOT NULL,
  `remarks` varchar(1000) DEFAULT NULL,
  `status` int(11) NOT NULL DEFAULT 0,
  `created_at` timestamp NULL DEFAULT NULL,
  `updated_at` timestamp NULL DEFAULT NULL,
  PRIMARY KEY (`id`),
  KEY `approval_table_document_id_foreign` (`document_id`),
  CONSTRAINT `approval_table_document_id_foreign` FOREIGN KEY (`document_id`) REFERENCES `documents` (`document_id`) ON DELETE CASCADE ON UPDATE CASCADE
) ENGINE=InnoDB AUTO_INCREMENT=142 DEFAULT CHARSET=utf8mb4 COLLATE=utf8mb4_unicode_ci;
/*!40101 SET character_set_client = @saved_cs_client */;

--
-- Dumping data for table `approval_table`
--

LOCK TABLES `approval_table` WRITE;
/*!40000 ALTER TABLE `approval_table` DISABLE KEYS */;
INSERT INTO `approval_table` VALUES (134,247,19,0,'pre-approval','41dsf13ewqrWeWQQWRqwe',0,'2026-01-16 06:59:33','2026-01-16 06:59:33'),(135,248,44,0,'pre-approval','fadsadadads',1,'2026-01-20 03:37:18','2026-01-22 01:53:16'),(136,248,44,44,'pre-approval','asdadad',1,'2026-01-20 03:38:17','2026-01-22 01:53:16'),(137,248,46,44,'final-approval','for final approval',1,'2026-01-20 03:40:28','2026-01-20 03:48:38'),(138,254,44,0,'pre-approval','adsadasds',1,'2026-01-20 06:12:47','2026-01-22 01:53:16'),(139,254,46,44,'final-approval','approved',1,'2026-01-20 06:13:51','2026-01-20 06:14:47'),(140,259,44,0,'pre-approval','preapproval1',1,'2026-01-22 01:48:18','2026-01-22 01:53:16'),(141,259,46,44,'final-approval','final approval',1,'2026-01-22 01:49:12','2026-01-22 01:52:27');
/*!40000 ALTER TABLE `approval_table` ENABLE KEYS */;
UNLOCK TABLES;

--
-- Table structure for table `document_types`
--

DROP TABLE IF EXISTS `document_types`;
/*!40101 SET @saved_cs_client     = @@character_set_client */;
/*!50503 SET character_set_client = utf8mb4 */;
CREATE TABLE `document_types` (
  `id` bigint(20) unsigned NOT NULL AUTO_INCREMENT,
  `document_type` varchar(255) NOT NULL,
  `description` text DEFAULT NULL,
  `created_at` timestamp NULL DEFAULT NULL,
  `updated_at` timestamp NULL DEFAULT NULL,
  PRIMARY KEY (`id`)
) ENGINE=InnoDB AUTO_INCREMENT=16 DEFAULT CHARSET=utf8mb4 COLLATE=utf8mb4_unicode_ci;
/*!40101 SET character_set_client = @saved_cs_client */;

--
-- Dumping data for table `document_types`
--

LOCK TABLES `document_types` WRITE;
/*!40000 ALTER TABLE `document_types` DISABLE KEYS */;
INSERT INTO `document_types` VALUES (1,'MEMO',NULL,'2025-11-13 18:05:50','2025-11-13 18:05:50'),(3,'CSW',NULL,'2025-11-23 20:51:25','2025-11-23 20:51:25'),(4,'TESDA ORDER',NULL,'2025-11-23 20:51:37','2025-11-23 20:51:37'),(5,'TESDA CIRCULAR',NULL,'2025-11-23 20:51:43','2025-11-23 20:51:43'),(6,'ROUTE SLIP',NULL,'2025-11-23 20:51:50','2025-11-23 20:51:50'),(7,'TOR',NULL,'2025-11-23 20:51:56','2025-11-23 20:51:56'),(8,'INVITATION LETTERS & CONFORME',NULL,'2025-11-23 20:52:02','2025-11-23 20:52:02'),(9,'POSITION PAPER',NULL,'2025-11-23 20:52:33','2025-11-23 20:52:33'),(10,'LETTER',NULL,'2025-11-23 20:52:41','2025-11-23 20:52:41'),(11,'BRIEFING NOTE',NULL,'2025-11-23 20:52:47','2025-11-23 20:52:47'),(12,'MESSAGE',NULL,'2025-11-23 20:52:52','2025-11-23 20:52:52'),(13,'CERTIFICATES',NULL,'2025-11-23 20:52:57','2025-11-23 20:52:57'),(14,'ORS, DV\'s',NULL,'2025-11-23 20:53:03','2025-11-23 20:53:03');
/*!40000 ALTER TABLE `document_types` ENABLE KEYS */;
UNLOCK TABLES;

--
-- Table structure for table `documents`
--

DROP TABLE IF EXISTS `documents`;
/*!40101 SET @saved_cs_client     = @@character_set_client */;
/*!50503 SET character_set_client = utf8mb4 */;
CREATE TABLE `documents` (
  `document_id` bigint(20) unsigned NOT NULL AUTO_INCREMENT,
  `document_control_number` varchar(255) NOT NULL,
  `document_code` varchar(1000) NOT NULL,
  `date_received` datetime DEFAULT NULL,
  `label` varchar(255) DEFAULT NULL,
  `particular` text NOT NULL,
  `office_origin` varchar(100) NOT NULL,
  `destination_office` varchar(100) DEFAULT NULL,
  `user_id` bigint(20) unsigned NOT NULL,
  `sender_id` int(11) NOT NULL DEFAULT 0,
  `recipient_id` varchar(10) DEFAULT NULL,
  `document_form` varchar(50) NOT NULL,
  `document_type` varchar(50) NOT NULL,
  `date_of_document` date DEFAULT NULL,
  `due_date` date DEFAULT NULL,
  `signatory` varchar(100) NOT NULL,
  `date_forwarded` datetime DEFAULT NULL,
  `receipt_confirmation` int(11) NOT NULL DEFAULT 0,
  `receipt_confirmed_by` int(11) NOT NULL DEFAULT 0,
  `involved_office` varchar(255) DEFAULT NULL,
  `action_taken` text DEFAULT NULL,
  `status` varchar(50) NOT NULL DEFAULT 'Pending',
  `revision_status` int(11) NOT NULL DEFAULT 0,
  `remarks` varchar(255) DEFAULT NULL,
  `confidentiality` varchar(255) NOT NULL DEFAULT 'None',
  `created_at` timestamp NULL DEFAULT NULL,
  `updated_at` timestamp NULL DEFAULT NULL,
  PRIMARY KEY (`document_id`)
) ENGINE=InnoDB AUTO_INCREMENT=261 DEFAULT CHARSET=utf8mb4 COLLATE=utf8mb4_unicode_ci;
/*!40101 SET character_set_client = @saved_cs_client */;

--
-- Dumping data for table `documents`
--

LOCK TABLES `documents` WRITE;
/*!40000 ALTER TABLE `documents` DISABLE KEYS */;
INSERT INTO `documents` VALUES (242,'16012026-00001','sadasdad','2026-01-16 00:00:00',NULL,'asdad','PO','ODDG-PP',22,0,'17','PDF','MEMO',NULL,NULL,'adads','2026-01-16 14:13:34',1,17,'[\"PO\",\"PO\",\"ODDG-PP\"]',NULL,'Pending',0,'asdasd','None','2026-01-16 06:13:34','2026-01-16 06:13:46'),(243,'16012026-00002','sad','2026-01-16 00:00:00',NULL,'asd','PO','ODDG-PP',22,0,'17','PDF','MEMO',NULL,NULL,'asd','2026-01-16 14:18:11',1,17,'[\"PO\",\"PO\",\"ODDG-PP\"]',NULL,'Pending',0,'asd','None','2026-01-16 06:18:11','2026-01-16 06:18:22'),(244,'16012026-00003','1wqeqw','2026-01-16 00:00:00',NULL,'qweq','PO','ODDG-PP',22,0,'17','PDF','TOR',NULL,NULL,'qweq','2026-01-16 14:24:52',1,17,'[\"PO\",\"PO\",\"ODDG-PP\"]',NULL,'Pending',0,'eqwewe','None','2026-01-16 06:24:52','2026-01-16 06:25:01'),(245,'16012026-00004','asdad','2026-01-16 00:00:00',NULL,'asdasd','PO','ODDG-PP',22,0,'17','PDF','TESDA CIRCULAR',NULL,NULL,'asdasd','2026-01-16 14:30:04',1,17,'[\"PO\",\"PO\",\"ODDG-PP\"]',NULL,'Pending',0,'asdasd','None','2026-01-16 06:30:04','2026-01-16 06:30:11'),(246,'16012026-00005','sdada','2026-01-16 00:00:00',NULL,'asdad','PO','ODDG-PP',22,0,'17','PDF','TOR',NULL,NULL,'sdada','2026-01-16 14:38:18',1,17,'[\"PO\",\"PO\",\"ODDG-PP\"]',NULL,'Pending',0,'asdadas','None','2026-01-16 06:38:18','2026-01-16 06:38:24'),(247,'16012026-00006','sadasd','2026-01-16 00:00:00',NULL,'asdad','PO','ODDG-PP',22,17,'19','PDF','TESDA ORDER',NULL,NULL,'asdad','2026-01-16 14:59:33',1,17,'[\"PO\",\"PO\",\"ODDG-PP\"]',NULL,'For Approval',0,'asdads','None','2026-01-16 06:40:18','2026-01-16 06:59:33'),(248,'20012026-00001','asd123','2026-01-20 00:00:00',NULL,'asd','DEV','DEV',16,43,NULL,'PDF','MESSAGE',NULL,NULL,'asd','2026-01-20 12:09:39',0,0,'[\"DEV\",\"DEV\",\"SU\"]',NULL,'Signed',0,'asd','None','2026-01-20 02:40:42','2026-01-20 04:09:39'),(249,'20012026-00002','123','2026-01-20 00:00:00','ASEAN','asd','DEV','ODDG-PP',16,0,'45','PDF','CERTIFICATES',NULL,NULL,'asd','2026-01-20 10:44:24',1,45,'[\"DEV\",\"DEV\",\"ODDG-PP\"]',NULL,'Pending',0,'asd','None','2026-01-20 02:44:24','2026-01-21 06:38:55'),(250,'20012026-00003','test02','2026-01-20 00:00:00','ASEAN','test02','SU','ODDG-PP',43,0,'45','PDF','CERTIFICATES',NULL,NULL,'test02','2026-01-20 10:54:03',1,45,'[\"SU\",\"SU\",\"ODDG-PP\"]',NULL,'Pending',0,'test02','None','2026-01-20 02:54:03','2026-01-21 06:39:00'),(251,'20012026-00004','test03','2026-01-20 00:00:00','asdd','test03','SU','ODDG-PP',43,0,'45','PDF','CERTIFICATES',NULL,NULL,'test03','2026-01-20 10:58:56',1,45,'[\"SU\",\"SU\",\"ODDG-PP\"]',NULL,'Pending',0,'test03','None','2026-01-20 02:58:56','2026-01-21 06:39:03'),(252,'20012026-00005','test04','2026-01-20 00:00:00','Other','test04','SU','ODDG-PP',43,0,'45','PDF','CERTIFICATES',NULL,'2026-01-10','test04','2026-01-20 11:00:58',1,45,'[\"SU\",\"SU\",\"ODDG-PP\"]',NULL,'Pending',0,'test04','None','2026-01-20 03:00:58','2026-01-21 06:39:10'),(253,'20012026-00006','test05','2026-01-20 00:00:00',NULL,'test0005','ODDG-PP','SU',45,0,NULL,'PDF','LETTER',NULL,NULL,'test0005','2026-01-20 11:08:03',0,0,'[\"ODDG-PP\",\"ODDG-PP\",\"SU\"]',NULL,'Routed',0,'test0005','None','2026-01-20 03:08:03','2026-01-20 03:08:03'),(254,'20012026-00007','test033','2026-01-20 00:00:00','asdd','test033','ODDG-PP','ODDG-PP',45,43,'45','PDF','CERTIFICATES',NULL,NULL,'test033','2026-01-20 14:16:44',1,45,'[\"ODDG-PP\",\"ODDG-PP\",\"SU\"]',NULL,'Completed',0,'test033','None','2026-01-20 06:10:59','2026-01-21 06:39:13'),(255,'21012026-00001','qwe','2026-01-21 00:00:00',NULL,'qwe','ODDG-PP','SU',45,0,NULL,'PDF','ORS, DV&#x27;s',NULL,NULL,'qwe','2026-01-21 13:11:30',0,0,'[\"ODDG-PP\",\"ODDG-PP\",\"SU\"]',NULL,'Routed',0,'qwe','None','2026-01-21 05:11:30','2026-01-21 05:11:30'),(256,'21012026-00002','adas','2026-01-21 00:00:00',NULL,'asda','ODDG-PP','SU',45,0,'43','PDF','OTHER - asdaasd',NULL,NULL,'asdasd','2026-01-21 13:12:09',1,43,'[\"ODDG-PP\",\"ODDG-PP\",\"SU\"]',NULL,'Pending',0,'asdads','None','2026-01-21 05:12:09','2026-01-22 02:15:31'),(257,'22012026-00001','PO1231','2026-01-22 00:00:00',NULL,'1231231adsa','SU','ODDG-PP',43,0,'45','PDF','MESSAGE',NULL,NULL,'asdads','2026-01-22 09:45:26',1,45,'[\"SU\",\"SU\",\"ODDG-PP\"]',NULL,'Pending',0,'asdasdda','None','2026-01-22 01:45:26','2026-01-22 01:45:52'),(258,'22012026-00002','asdad','2026-01-22 00:00:00',NULL,'asdads','ODDG-PP','ODDG-PP',45,0,'47','PDF','LETTER',NULL,NULL,'adsadsds','2026-01-22 09:46:48',1,47,'[\"ODDG-PP\",\"ODDG-PP\"]',NULL,'Completed',0,'asdadads','None','2026-01-22 01:46:48','2026-01-22 03:54:21'),(259,'22012026-00003','asda','2026-01-22 00:00:00',NULL,'asdads','ODDG-PP','ODDG-PP',45,43,NULL,'PDF','ORS, DV&#x27;s',NULL,NULL,'asdads','2026-01-22 09:54:16',0,0,'[\"ODDG-PP\",\"ODDG-PP\",\"SU\"]',NULL,'Remanded',0,'adsadsads','None','2026-01-22 01:47:23','2026-01-22 01:54:16'),(260,'22012026-00004','testpp','2026-01-22 00:00:00',NULL,'testpp','SU','ODDG-PP',43,0,'47','PDF','ROUTE SLIP',NULL,NULL,'testpp','2026-01-22 10:13:17',1,47,'[\"SU\",\"SU\",\"ODDG-PP\"]',NULL,'Pending',0,'testpp','None','2026-01-22 02:13:17','2026-01-22 02:14:38');
/*!40000 ALTER TABLE `documents` ENABLE KEYS */;
UNLOCK TABLES;

--
-- Table structure for table `failed_jobs`
--

DROP TABLE IF EXISTS `failed_jobs`;
/*!40101 SET @saved_cs_client     = @@character_set_client */;
/*!50503 SET character_set_client = utf8mb4 */;
CREATE TABLE `failed_jobs` (
  `id` bigint(20) unsigned NOT NULL AUTO_INCREMENT,
  `uuid` varchar(255) NOT NULL,
  `connection` text NOT NULL,
  `queue` text NOT NULL,
  `payload` longtext NOT NULL,
  `exception` longtext NOT NULL,
  `failed_at` timestamp NOT NULL DEFAULT current_timestamp(),
  PRIMARY KEY (`id`),
  UNIQUE KEY `failed_jobs_uuid_unique` (`uuid`)
) ENGINE=InnoDB DEFAULT CHARSET=utf8mb4 COLLATE=utf8mb4_unicode_ci;
/*!40101 SET character_set_client = @saved_cs_client */;

--
-- Dumping data for table `failed_jobs`
--

LOCK TABLES `failed_jobs` WRITE;
/*!40000 ALTER TABLE `failed_jobs` DISABLE KEYS */;
/*!40000 ALTER TABLE `failed_jobs` ENABLE KEYS */;
UNLOCK TABLES;

--
-- Table structure for table `files`
--

DROP TABLE IF EXISTS `files`;
/*!40101 SET @saved_cs_client     = @@character_set_client */;
/*!50503 SET character_set_client = utf8mb4 */;
CREATE TABLE `files` (
  `file_id` bigint(20) unsigned NOT NULL AUTO_INCREMENT,
  `document_id` bigint(20) unsigned NOT NULL,
  `file_name` varchar(1000) DEFAULT NULL,
  `file_path` varchar(255) NOT NULL,
  `file_password` varchar(255) DEFAULT NULL,
  `uploading_office` varchar(255) NOT NULL,
  `uploaded_by` bigint(20) unsigned NOT NULL,
  `uploaded_at` timestamp NOT NULL DEFAULT current_timestamp(),
  PRIMARY KEY (`file_id`),
  KEY `files_document_id_foreign` (`document_id`),
  KEY `files_uploaded_by_foreign` (`uploaded_by`),
  CONSTRAINT `files_document_id_foreign` FOREIGN KEY (`document_id`) REFERENCES `documents` (`document_id`) ON DELETE CASCADE,
  CONSTRAINT `files_uploaded_by_foreign` FOREIGN KEY (`uploaded_by`) REFERENCES `users` (`id`) ON DELETE CASCADE
) ENGINE=InnoDB AUTO_INCREMENT=218 DEFAULT CHARSET=utf8mb4 COLLATE=utf8mb4_unicode_ci;
/*!40101 SET character_set_client = @saved_cs_client */;

--
-- Dumping data for table `files`
--

LOCK TABLES `files` WRITE;
/*!40000 ALTER TABLE `files` DISABLE KEYS */;
INSERT INTO `files` VALUES (197,242,'Untitled_design_(15).pdf','storage/assets/documents/PO/pdf/6969d70eeec52-Untitled_design_(15).pdf',NULL,'PO',22,'2026-01-16 06:13:34'),(198,243,'696744ae21dbb-Untitled_design_(14)_(2).pdf','storage/assets/documents/PO/pdf/6969d823b8522-696744ae21dbb-Untitled_design_(14)_(2).pdf',NULL,'PO',22,'2026-01-16 06:18:11'),(199,244,'Untitled_design_(15).pdf','storage/assets/documents/PO/pdf/6969d9b4e2286-Untitled_design_(15).pdf',NULL,'PO',22,'2026-01-16 06:24:52'),(200,245,'Untitled_design_(13).pdf','storage/assets/documents/PO/pdf/6969daece3282-Untitled_design_(13).pdf',NULL,'PO',22,'2026-01-16 06:30:04'),(201,246,'Untitled_design_(15).pdf','storage/assets/documents/PO/pdf/6969dcda9b32e-Untitled_design_(15).pdf',NULL,'PO',22,'2026-01-16 06:38:18'),(202,247,'696744ae21dbb-Untitled_design_(14).pdf','storage/assets/documents/PO/pdf/6969dd52d91cd-696744ae21dbb-Untitled_design_(14).pdf',NULL,'PO',22,'2026-01-16 06:40:18'),(203,248,'DIAZ,_MINTON_(JO-2025-JulDec-CO-463).pdf','storage/assets/documents/DEV/pdf/696eeb2a42308-DIAZ,_MINTON_(JO-2025-JulDec-CO-463).pdf',NULL,'DEV',16,'2026-01-20 02:40:42'),(204,249,'Untitled_design_(15).pdf','storage/assets/documents/DEV/pdf/696eec08795e1-Untitled_design_(15).pdf',NULL,'DEV',16,'2026-01-20 02:44:24'),(205,250,'Untitled_design_(15).pdf','storage/assets/documents/SU/pdf/696eee4bb125a-Untitled_design_(15).pdf',NULL,'SU',43,'2026-01-20 02:54:03'),(206,251,'Untitled_design_(15).pdf','storage/assets/documents/SU/pdf/696eef7077044-Untitled_design_(15).pdf',NULL,'SU',43,'2026-01-20 02:58:56'),(207,252,'Untitled_design_(15).pdf','storage/assets/documents/SU/pdf/696eefea744d8-Untitled_design_(15).pdf',NULL,'SU',43,'2026-01-20 03:00:58'),(208,253,'2026-01-0000125.pdf','storage/assets/documents/ODDG-PP/pdf/696ef193e1d7b-2026-01-0000125.pdf',NULL,'ODDG-PP',45,'2026-01-20 03:08:03'),(209,248,'DIAZ,_MINTON_(JO-2025-JulDec-CO-463).pdf','storage/assets/documents/DEV/pdf/696eff2d33e60-DIAZ,_MINTON_(JO-2025-JulDec-CO-463).pdf',NULL,'DEV',43,'2026-01-20 04:06:05'),(210,254,'696ef193e1d7b-2026-01-0000125_(1).pdf','storage/assets/documents/ODDG-PP/pdf/696f1c7310f2f-696ef193e1d7b-2026-01-0000125_(1).pdf',NULL,'ODDG-PP',45,'2026-01-20 06:10:59'),(211,254,'696ef193e1d7b-2026-01-0000125.pdf','storage/assets/documents/ODDG-PP/pdf/696f1db2ea52e-696ef193e1d7b-2026-01-0000125.pdf',NULL,'ODDG-PP',43,'2026-01-20 06:16:18'),(212,255,'6970232f494c7-DIAZ,_MINTON_(JO-2025-JulDec-CO-463).pdf','storage/assets/documents/ODDG-PP/pdf/6970600271abb-6970232f494c7-DIAZ,_MINTON_(JO-2025-JulDec-CO-463).pdf',NULL,'ODDG-PP',45,'2026-01-21 05:11:30'),(213,256,'6970232f494c7-DIAZ,_MINTON_(JO-2025-JulDec-CO-463).pdf','storage/assets/documents/ODDG-PP/pdf/6970602934eed-6970232f494c7-DIAZ,_MINTON_(JO-2025-JulDec-CO-463).pdf',NULL,'ODDG-PP',45,'2026-01-21 05:12:09'),(214,257,'Untitled_design_(15).pdf','storage/assets/documents/SU/pdf/6971813610ba8-Untitled_design_(15).pdf',NULL,'SU',43,'2026-01-22 01:45:26'),(215,258,'Untitled_design_(15).pdf','storage/assets/documents/ODDG-PP/pdf/69718188334b2-Untitled_design_(15).pdf',NULL,'ODDG-PP',45,'2026-01-22 01:46:48'),(216,259,'Untitled_design_(15).pdf','storage/assets/documents/ODDG-PP/pdf/697181abaf00a-Untitled_design_(15).pdf',NULL,'ODDG-PP',45,'2026-01-22 01:47:23'),(217,260,'Untitled_design_(15).pdf','storage/assets/documents/SU/pdf/697187bdaa8d4-Untitled_design_(15).pdf',NULL,'SU',43,'2026-01-22 02:13:17');
/*!40000 ALTER TABLE `files` ENABLE KEYS */;
UNLOCK TABLES;

--
-- Table structure for table `finance`
--

DROP TABLE IF EXISTS `finance`;
/*!40101 SET @saved_cs_client     = @@character_set_client */;
/*!50503 SET character_set_client = utf8mb4 */;
CREATE TABLE `finance` (
  `id` bigint(20) unsigned NOT NULL AUTO_INCREMENT,
  `uploading_office` text NOT NULL,
  `uploaded_by` text NOT NULL,
  `transaction` enum('ORS','DV') NOT NULL,
  `date_processed` date DEFAULT NULL,
  `payee` varchar(255) NOT NULL,
  `particular` text NOT NULL,
  `responsibility_center` varchar(255) NOT NULL,
  `expenditure` varchar(255) DEFAULT NULL,
  `uacs_object_code` varchar(50) DEFAULT NULL,
  `amount` decimal(15,2) NOT NULL,
  `fund_cluster` varchar(50) DEFAULT NULL,
  `date_signed` date DEFAULT NULL,
  `status` text DEFAULT 'Processing',
  `file_path` varchar(255) NOT NULL,
  `file_name` varchar(255) DEFAULT NULL,
  `created_at` timestamp NULL DEFAULT NULL,
  `updated_at` timestamp NULL DEFAULT NULL,
  PRIMARY KEY (`id`)
) ENGINE=InnoDB AUTO_INCREMENT=22 DEFAULT CHARSET=utf8mb4 COLLATE=utf8mb4_unicode_ci;
/*!40101 SET character_set_client = @saved_cs_client */;

--
-- Dumping data for table `finance`
--

LOCK TABLES `finance` WRITE;
/*!40000 ALTER TABLE `finance` DISABLE KEYS */;
INSERT INTO `finance` VALUES (9,'6','45','ORS',NULL,'asda','asd','asdad','ORS','asd',12313.00,'asd',NULL,'Processing','storage/assets/finance/pdf/69701b2974156-696ef193e1d7b-2026-01-0000125.pdf','696ef193e1d7b-2026-01-0000125.pdf','2026-01-21 00:17:45','2026-01-21 00:17:45'),(10,'65','43','ORS',NULL,'asdasd','asdasd','asdds','ORS','asd',12332.00,'asdasdads',NULL,'Processing','storage/assets/finance/pdf/6970215593f49-696ef193e1d7b-2026-01-0000125.pdf','696ef193e1d7b-2026-01-0000125.pdf','2026-01-21 00:44:05','2026-01-21 00:44:05'),(11,'65','43','ORS',NULL,'asdad','asdad','asdasd','ORS','asdasd',12333.00,'adsads',NULL,'Processing','storage/assets/finance/SU/pdf/6970232f494c7-DIAZ,_MINTON_(JO-2025-JulDec-CO-463).pdf','DIAZ,_MINTON_(JO-2025-JulDec-CO-463).pdf','2026-01-21 00:51:59','2026-01-21 00:51:59'),(12,'65','43','ORS',NULL,'asddas','asdasd','asd','ORS','asd',12333.00,'asda',NULL,'Processing','storage/assets/finance/SU/pdf/69702d9a11c28-696ef193e1d7b-2026-01-0000125_(1).pdf','696ef193e1d7b-2026-01-0000125_(1).pdf','2026-01-21 01:36:26','2026-01-21 01:36:26'),(13,'65','43','ORS',NULL,'asdad','asd','asd','ORS','asd',12333.00,'asd',NULL,'completed','storage/assets/finance/SU/pdf/69702e5a17874-Untitled_design_(15).pdf','Untitled_design_(15).pdf','2026-01-21 01:39:38','2026-01-22 01:22:25'),(14,'6','45','ORS',NULL,'sdf','sdf','sdf','ORS','sdf',23444.00,'sdf',NULL,'Processing','storage/assets/finance/ODDG-PP/pdf/6970428d0b5b3-DIAZ,_MINTON_(JO-2025-JulDec-CO-463).pdf','DIAZ,_MINTON_(JO-2025-JulDec-CO-463).pdf','2026-01-21 03:05:49','2026-01-21 03:05:49'),(15,'6','45','ORS',NULL,'asd','asd','asda','ORS','asdds',12312.00,'qadd',NULL,'Processing','storage/assets/finance/ODDG-PP/pdf/69707d7e16e04-6970232f494c7-DIAZ,_MINTON_(JO-2025-JulDec-CO-463).pdf','6970232f494c7-DIAZ,_MINTON_(JO-2025-JulDec-CO-463).pdf','2026-01-21 07:17:18','2026-01-21 07:17:18'),(16,'6','45','ORS',NULL,'erwdf','2ewwa','asdaw','ORS','adwadawd',123456.00,'asdaasd',NULL,'Processing','storage/assets/finance/ODDG-PP/pdf/69707d9fb2d50-696ef193e1d7b-2026-01-0000125_(1).pdf','696ef193e1d7b-2026-01-0000125_(1).pdf','2026-01-21 07:17:51','2026-01-21 07:17:51'),(17,'6','45','ORS',NULL,'123aswda','awdawd','awdawd','putragis','awdadw',123456.00,'adawdaw',NULL,'Processing','storage/assets/finance/ODDG-PP/pdf/69708071398bb-6970232f494c7-DIAZ,_MINTON_(JO-2025-JulDec-CO-463).pdf','6970232f494c7-DIAZ,_MINTON_(JO-2025-JulDec-CO-463).pdf','2026-01-21 07:29:53','2026-01-21 07:29:53'),(18,'6','45','ORS',NULL,'ROSANA','pement','ODDG-PP01','supplies','123456',50000.00,'101',NULL,'Processing','storage/assets/finance/ODDG-PP/pdf/697084b618145-696ef193e1d7b-2026-01-0000125_(1).pdf','696ef193e1d7b-2026-01-0000125_(1).pdf','2026-01-21 07:48:06','2026-01-21 07:48:06'),(19,'6','45','ORS',NULL,'asdasd','asdasd','asda','eme','asdad',280000.00,'asdads',NULL,'Processing','storage/assets/finance/ODDG-PP/pdf/69708528f0aa2-696ef193e1d7b-2026-01-0000125.pdf','696ef193e1d7b-2026-01-0000125.pdf','2026-01-21 07:50:00','2026-01-21 07:50:00'),(20,'65','43','ORS',NULL,'asdsd','asdadsds','asdads','12333dw','asddas',123345.00,'asdads',NULL,'approved','storage/assets/finance/SU/pdf/6971789a80120-Untitled_design_(15).pdf','Untitled_design_(15).pdf','2026-01-22 01:08:42','2026-01-22 01:25:23'),(21,'65','43','DV',NULL,'ddg rosana','asdada','asdadsads','internet','123123',500000.00,'101',NULL,'completed','storage/assets/finance/SU/pdf/697188a2f1854-696ef193e1d7b-2026-01-0000125_(1).pdf','696ef193e1d7b-2026-01-0000125_(1).pdf','2026-01-22 02:17:06','2026-01-22 02:19:55');
/*!40000 ALTER TABLE `finance` ENABLE KEYS */;
UNLOCK TABLES;

--
-- Table structure for table `finance_activity`
--

DROP TABLE IF EXISTS `finance_activity`;
/*!40101 SET @saved_cs_client     = @@character_set_client */;
/*!50503 SET character_set_client = utf8mb4 */;
CREATE TABLE `finance_activity` (
  `id` bigint(20) unsigned NOT NULL AUTO_INCREMENT,
  `finance_id` int(11) DEFAULT 0,
  `timestamp` timestamp NOT NULL DEFAULT current_timestamp(),
  `activity` varchar(255) NOT NULL,
  `remarks` text DEFAULT NULL,
  `status` varchar(50) NOT NULL DEFAULT 'pending',
  `created_at` timestamp NULL DEFAULT NULL,
  `updated_at` timestamp NULL DEFAULT NULL,
  PRIMARY KEY (`id`)
) ENGINE=InnoDB AUTO_INCREMENT=28 DEFAULT CHARSET=utf8mb4 COLLATE=utf8mb4_unicode_ci;
/*!40101 SET character_set_client = @saved_cs_client */;

--
-- Dumping data for table `finance_activity`
--

LOCK TABLES `finance_activity` WRITE;
/*!40000 ALTER TABLE `finance_activity` DISABLE KEYS */;
INSERT INTO `finance_activity` VALUES (1,11,'2026-01-21 01:23:57','endorsed to odg','endorsed to odg','pending','2026-01-21 01:23:57','2026-01-21 01:23:57'),(2,12,'2026-01-21 01:39:56','open sesame','asdasd','pending','2026-01-21 01:39:56','2026-01-21 01:39:56'),(3,0,'2026-01-21 01:45:25','asdasd','asdasd','completed','2026-01-21 01:45:25','2026-01-21 01:45:25'),(4,13,'2026-01-21 01:47:35','asdad','asdasdadas','pending','2026-01-21 01:47:35','2026-01-21 01:47:35'),(5,13,'2026-01-21 01:47:55','asdd','asdsadads','completed','2026-01-21 01:47:55','2026-01-21 01:47:55'),(6,13,'2026-01-21 01:48:01','asdadad','asdadasd','returned','2026-01-21 01:48:01','2026-01-21 01:48:01'),(7,13,'2026-01-21 01:53:47','signed by the odg and ready to be scanned','asdadad','completed','2026-01-21 01:53:47','2026-01-21 01:53:47'),(8,13,'2026-01-21 01:53:59','osige kayo na pouge','asdadd','pending','2026-01-21 01:53:59','2026-01-21 01:53:59'),(9,9,'2026-01-21 03:04:32','puge','asdad','completed','2026-01-21 03:04:32','2026-01-21 03:04:32'),(10,17,'2026-01-21 07:35:16','tata','tata','completed','2026-01-21 07:35:16','2026-01-21 07:35:16'),(11,18,'2026-01-21 07:49:00','endorsed to ODG','endorsed to cash','pending','2026-01-21 07:49:00','2026-01-21 07:49:00'),(12,20,'2026-01-22 01:16:13','approved by ddg','signed and approved and ready to be endorse to budget','completed','2026-01-22 01:16:13','2026-01-22 01:16:13'),(13,20,'2026-01-22 01:16:14','approved by ddg','signed and approved and ready to be endorse to budget','completed','2026-01-22 01:16:14','2026-01-22 01:16:14'),(14,20,'2026-01-22 01:16:15','approved by ddg','signed and approved and ready to be endorse to budget','completed','2026-01-22 01:16:15','2026-01-22 01:16:15'),(15,20,'2026-01-22 01:16:16','approved by ddg','signed and approved and ready to be endorse to budget','completed','2026-01-22 01:16:16','2026-01-22 01:16:16'),(16,20,'2026-01-22 01:16:17','approved by ddg','signed and approved and ready to be endorse to budget','completed','2026-01-22 01:16:17','2026-01-22 01:16:17'),(17,20,'2026-01-22 01:16:18','approved by ddg','signed and approved and ready to be endorse to budget','completed','2026-01-22 01:16:18','2026-01-22 01:16:18'),(18,20,'2026-01-22 01:17:01','approved by ddg','signed and approved and ready to be endorse to budget','completed','2026-01-22 01:17:01','2026-01-22 01:17:01'),(19,20,'2026-01-22 01:22:09','endorsed to cash',NULL,'completed','2026-01-22 01:22:09','2026-01-22 01:22:09'),(20,13,'2026-01-22 01:22:25','approved',NULL,'completed','2026-01-22 01:22:25','2026-01-22 01:22:25'),(21,20,'2026-01-22 01:25:03','returned',NULL,'returned','2026-01-22 01:25:03','2026-01-22 01:25:03'),(22,20,'2026-01-22 01:25:23','approved',NULL,'approved','2026-01-22 01:25:23','2026-01-22 01:25:23'),(23,21,'2026-01-22 02:17:38','endorsed to budget','for processing ni budget','processing','2026-01-22 02:17:38','2026-01-22 02:17:38'),(24,21,'2026-01-22 02:18:13','approved by ddg','wadasdawd','approved','2026-01-22 02:18:13','2026-01-22 02:18:13'),(25,21,'2026-01-22 02:18:51','for approval','January 22, 2025: received from account and for approval ni ddg','processing','2026-01-22 02:18:51','2026-01-22 02:18:51'),(26,21,'2026-01-22 02:19:36','signed',NULL,'approved','2026-01-22 02:19:36','2026-01-22 02:19:36'),(27,21,'2026-01-22 02:19:55','reimbursed or paid by cash',NULL,'completed','2026-01-22 02:19:55','2026-01-22 02:19:55');
/*!40000 ALTER TABLE `finance_activity` ENABLE KEYS */;
UNLOCK TABLES;

--
-- Table structure for table `finance_budget`
--

DROP TABLE IF EXISTS `finance_budget`;
/*!40101 SET @saved_cs_client     = @@character_set_client */;
/*!50503 SET character_set_client = utf8mb4 */;
CREATE TABLE `finance_budget` (
  `id` bigint(20) unsigned NOT NULL AUTO_INCREMENT,
  `year` year(4) NOT NULL,
  `office_code` text DEFAULT NULL,
  `amount` decimal(15,2) NOT NULL DEFAULT 0.00,
  `created_at` timestamp NULL DEFAULT NULL,
  `updated_at` timestamp NULL DEFAULT NULL,
  PRIMARY KEY (`id`),
  KEY `finance_budget_year_index` (`year`)
) ENGINE=InnoDB AUTO_INCREMENT=7 DEFAULT CHARSET=utf8mb4 COLLATE=utf8mb4_unicode_ci;
/*!40101 SET character_set_client = @saved_cs_client */;

--
-- Dumping data for table `finance_budget`
--

LOCK TABLES `finance_budget` WRITE;
/*!40000 ALTER TABLE `finance_budget` DISABLE KEYS */;
INSERT INTO `finance_budget` VALUES (1,2026,NULL,4000000.00,'2026-01-20 00:06:23','2026-01-20 06:30:34'),(2,2027,NULL,5000000.00,'2026-01-20 06:30:45','2026-01-20 06:30:45'),(3,2026,'SU',4000000.00,'2026-01-21 00:13:55','2026-01-21 00:13:55'),(4,2026,'ODDG-PP',4000000.00,'2026-01-21 00:15:46','2026-01-21 07:46:46'),(5,2027,'SU',10000000.00,'2026-01-21 00:43:46','2026-01-21 00:43:46'),(6,2027,'ODDG-PP',5000000.00,'2026-01-21 07:45:28','2026-01-21 07:45:28');
/*!40000 ALTER TABLE `finance_budget` ENABLE KEYS */;
UNLOCK TABLES;

--
-- Table structure for table `label_table`
--

DROP TABLE IF EXISTS `label_table`;
/*!40101 SET @saved_cs_client     = @@character_set_client */;
/*!50503 SET character_set_client = utf8mb4 */;
CREATE TABLE `label_table` (
  `id` bigint(20) unsigned NOT NULL AUTO_INCREMENT,
  `label_name` varchar(100) NOT NULL,
  `created_at` timestamp NULL DEFAULT NULL,
  `updated_at` timestamp NULL DEFAULT NULL,
  PRIMARY KEY (`id`),
  UNIQUE KEY `label_table_label_name_unique` (`label_name`)
) ENGINE=InnoDB AUTO_INCREMENT=6 DEFAULT CHARSET=utf8mb4 COLLATE=utf8mb4_unicode_ci;
/*!40101 SET character_set_client = @saved_cs_client */;

--
-- Dumping data for table `label_table`
--

LOCK TABLES `label_table` WRITE;
/*!40000 ALTER TABLE `label_table` DISABLE KEYS */;
INSERT INTO `label_table` VALUES (4,'ASEAN','2026-01-21 04:21:47','2026-01-21 04:21:47'),(5,'asdd','2026-01-21 04:24:46','2026-01-21 04:24:46');
/*!40000 ALTER TABLE `label_table` ENABLE KEYS */;
UNLOCK TABLES;

--
-- Table structure for table `listing_photos`
--

DROP TABLE IF EXISTS `listing_photos`;
/*!40101 SET @saved_cs_client     = @@character_set_client */;
/*!50503 SET character_set_client = utf8mb4 */;
CREATE TABLE `listing_photos` (
  `id` bigint(20) unsigned NOT NULL AUTO_INCREMENT,
  `created_at` timestamp NULL DEFAULT NULL,
  `updated_at` timestamp NULL DEFAULT NULL,
  PRIMARY KEY (`id`)
) ENGINE=InnoDB DEFAULT CHARSET=utf8mb4 COLLATE=utf8mb4_unicode_ci;
/*!40101 SET character_set_client = @saved_cs_client */;

--
-- Dumping data for table `listing_photos`
--

LOCK TABLES `listing_photos` WRITE;
/*!40000 ALTER TABLE `listing_photos` DISABLE KEYS */;
/*!40000 ALTER TABLE `listing_photos` ENABLE KEYS */;
UNLOCK TABLES;

--
-- Table structure for table `listings`
--

DROP TABLE IF EXISTS `listings`;
/*!40101 SET @saved_cs_client     = @@character_set_client */;
/*!50503 SET character_set_client = utf8mb4 */;
CREATE TABLE `listings` (
  `id` bigint(20) unsigned NOT NULL AUTO_INCREMENT,
  `property_name` varchar(255) NOT NULL,
  `address` varchar(255) NOT NULL,
  `description` text DEFAULT NULL,
  `price` varchar(255) DEFAULT NULL,
  `link` varchar(255) DEFAULT NULL,
  `status` enum('Active','Pending','Sold') NOT NULL DEFAULT 'Active',
  `images` longtext CHARACTER SET utf8mb4 COLLATE utf8mb4_bin DEFAULT NULL CHECK (json_valid(`images`)),
  `created_at` timestamp NULL DEFAULT NULL,
  `updated_at` timestamp NULL DEFAULT NULL,
  PRIMARY KEY (`id`)
) ENGINE=InnoDB DEFAULT CHARSET=utf8mb4 COLLATE=utf8mb4_unicode_ci;
/*!40101 SET character_set_client = @saved_cs_client */;

--
-- Dumping data for table `listings`
--

LOCK TABLES `listings` WRITE;
/*!40000 ALTER TABLE `listings` DISABLE KEYS */;
/*!40000 ALTER TABLE `listings` ENABLE KEYS */;
UNLOCK TABLES;

--
-- Table structure for table `mailer_settings`
--

DROP TABLE IF EXISTS `mailer_settings`;
/*!40101 SET @saved_cs_client     = @@character_set_client */;
/*!50503 SET character_set_client = utf8mb4 */;
CREATE TABLE `mailer_settings` (
  `id` bigint(20) unsigned NOT NULL AUTO_INCREMENT,
  `mail_mailer` varchar(255) NOT NULL DEFAULT 'smtp',
  `mail_host` varchar(255) DEFAULT NULL,
  `mail_port` varchar(255) DEFAULT NULL,
  `mail_username` varchar(255) DEFAULT NULL,
  `mail_password` varchar(255) DEFAULT NULL,
  `mail_encryption` varchar(255) DEFAULT NULL,
  `mail_from_address` varchar(255) DEFAULT NULL,
  `mail_from_name` varchar(255) DEFAULT NULL,
  `created_at` timestamp NULL DEFAULT NULL,
  `updated_at` timestamp NULL DEFAULT NULL,
  PRIMARY KEY (`id`)
) ENGINE=InnoDB AUTO_INCREMENT=2 DEFAULT CHARSET=utf8mb4 COLLATE=utf8mb4_unicode_ci;
/*!40101 SET character_set_client = @saved_cs_client */;

--
-- Dumping data for table `mailer_settings`
--

LOCK TABLES `mailer_settings` WRITE;
/*!40000 ALTER TABLE `mailer_settings` DISABLE KEYS */;
INSERT INTO `mailer_settings` VALUES (1,'smtp','smtp.gmail.com','465','dmtoddgpp@gmail.com','lhza uvcn okxy onzw','ssl','dmtoddgpp@gmail.com','no-reply@DMTODDGPP','2026-01-19 01:37:40','2026-01-19 01:37:40');
/*!40000 ALTER TABLE `mailer_settings` ENABLE KEYS */;
UNLOCK TABLES;

--
-- Table structure for table `migrations`
--

DROP TABLE IF EXISTS `migrations`;
/*!40101 SET @saved_cs_client     = @@character_set_client */;
/*!50503 SET character_set_client = utf8mb4 */;
CREATE TABLE `migrations` (
  `id` int(10) unsigned NOT NULL AUTO_INCREMENT,
  `migration` varchar(255) NOT NULL,
  `batch` int(11) NOT NULL,
  PRIMARY KEY (`id`)
) ENGINE=InnoDB AUTO_INCREMENT=92 DEFAULT CHARSET=utf8mb4 COLLATE=utf8mb4_unicode_ci;
/*!40101 SET character_set_client = @saved_cs_client */;

--
-- Dumping data for table `migrations`
--

LOCK TABLES `migrations` WRITE;
/*!40000 ALTER TABLE `migrations` DISABLE KEYS */;
INSERT INTO `migrations` VALUES (1,'2014_10_12_000000_create_users_table',1),(2,'2014_10_12_100000_create_password_reset_tokens_table',1),(3,'2019_08_19_000000_create_failed_jobs_table',1),(4,'2019_12_14_000001_create_personal_access_tokens_table',1),(5,'2025_10_01_211517_add_role_to_users_table',1),(6,'2025_10_01_211540_create_nav_menus_table',1),(7,'2025_10_01_211604_create_themes_table',1),(8,'2025_10_02_161929_add_role_id_to_users_table',1),(9,'2025_10_02_163004_create_table_for_settings_role',1),(10,'2025_10_02_163732_rename_title_in_posts_table',1),(11,'2025_10_02_163754_rename_title_in_posts_table',1),(12,'2025_10_03_180527_add_parentmenu',1),(13,'2025_10_04_144632_create_mailer_settings_table',1),(14,'2025_10_27_011437_update_role_idcolumn_from_users',1),(15,'2025_10_28_125539_create_listings_table',1),(16,'2025_10_28_135008_create_listing_photos_table',1),(25,'2025_11_05_010550_create_office_table',2),(26,'2025_11_05_010843_create_userconfig_table',2),(27,'2025_11_05_034143_add_office_id_to_users_table',2),(28,'2025_11_05_051201_instert_user_status',3),(30,'2025_11_06_035725_insert_order_in_nav_menus',4),(35,'2025_11_11_034055_create_documents_table',5),(36,'2025_11_11_034126_create_files_table',5),(37,'2025_11_11_034136_create_modifications_table',5),(38,'2025_11_11_034145_create_notifications_table',5),(39,'2025_11_11_072346_create_activities_table',6),(40,'2025_11_11_085126_update_document_table_column_control_number_to_varchar',7),(41,'2025_11_13_010728_add_document_code_to_document_table',8),(42,'2025_11_14_013954_create_document_types_table',9),(43,'2025_11_14_035018_update_activities_column_document_control_number_to_varchar',10),(44,'2025_11_14_061351_add_remarks_to_documents_table',11),(45,'2025_11_14_061419_add_routed_to_and_final_remarks_to_activities_table',11),(46,'2025_11_14_070758_add_office_origin_destination_routed_to_to_notifications_table',12),(47,'2025_11_14_080109_add_due_date_to_document_table',13),(48,'2025_11_14_081811_update_date_of_docs_to_nullable',14),(49,'2025_11_17_014429_add_file_name_to_files_table',15),(50,'2025_11_19_053136_add_final_approval_column_to_activities_table',16),(51,'2025_11_20_070853_add_to_external_column_to_activities',17),(52,'2025_11_20_073528_add_recepient_id_to_document_table',18),(53,'2025_11_21_003414_add_from_user_id_to_notification_table',19),(54,'2025_11_21_003910_add_fromuserid_to_activities_table',20),(55,'2025_11_21_015324_create_approval_table',21),(56,'2025_11_21_033628_add_status_column_to_approval_table',22),(57,'2025_11_24_031110_add_allowed_office_to_nav_menus',23),(58,'2025_11_24_053210_add_label_to_documents_table',24),(59,'2025_11_24_075644_update_document_id_from_approval_table',25),(60,'2025_11_25_091039_add_receipt_confirmation_column_to_document_table',26),(62,'2025_11_26_004903_update_date_forwarded_to_datetime',27),(63,'2025_12_17_203302_add_sender_id_to_document_table',28),(64,'2025_12_17_220040_add_revised_status_in_documents_table',28),(65,'2025_12_22_153803_alter_allowed_office_column_on_nav_menus_table',29),(66,'2025_12_25_150806_update_default_value_on_your_table',30),(69,'2026_01_07_121837_create_label_table',31),(70,'2026_01_09_081226_add_column_to_documents_table',32),(71,'2026_01_09_085737_add_authoriza_signatory_in_users_table',32),(72,'2026_01_09_092032_add_from_user_in_approval_table',33),(79,'2026_01_19_133320_create_finance_table',34),(80,'2026_01_19_134715_add_filename_column_to_finance',34),(81,'2026_01_19_140425_create_finance_activity_table',34),(82,'2026_01_19_155553_add_column_to_finance_table_office_uploader',34),(83,'2026_01_19_213006_create_budget_table',35),(87,'2026_01_20_130051_add_officeid_to_activities',36),(88,'2026_01_21_075630_add_office_code_to_finance_budget_table',37),(89,'2026_01_21_092750_add_finance_id_to_activity',38),(91,'2026_01_22_085625_add_status_to_finance_table',39);
/*!40000 ALTER TABLE `migrations` ENABLE KEYS */;
UNLOCK TABLES;

--
-- Table structure for table `modifications`
--

DROP TABLE IF EXISTS `modifications`;
/*!40101 SET @saved_cs_client     = @@character_set_client */;
/*!50503 SET character_set_client = utf8mb4 */;
CREATE TABLE `modifications` (
  `modification_id` bigint(20) unsigned NOT NULL AUTO_INCREMENT,
  `document_id` bigint(20) unsigned NOT NULL,
  `modified_by` bigint(20) unsigned NOT NULL,
  `modification_type` varchar(50) NOT NULL,
  `old_value` text DEFAULT NULL,
  `new_value` text DEFAULT NULL,
  `modified_at` timestamp NOT NULL DEFAULT current_timestamp(),
  PRIMARY KEY (`modification_id`),
  KEY `modifications_document_id_foreign` (`document_id`),
  KEY `modifications_modified_by_foreign` (`modified_by`),
  CONSTRAINT `modifications_document_id_foreign` FOREIGN KEY (`document_id`) REFERENCES `documents` (`document_id`) ON DELETE CASCADE,
  CONSTRAINT `modifications_modified_by_foreign` FOREIGN KEY (`modified_by`) REFERENCES `users` (`id`) ON DELETE CASCADE
) ENGINE=InnoDB AUTO_INCREMENT=2 DEFAULT CHARSET=utf8mb4 COLLATE=utf8mb4_unicode_ci;
/*!40101 SET character_set_client = @saved_cs_client */;

--
-- Dumping data for table `modifications`
--

LOCK TABLES `modifications` WRITE;
/*!40000 ALTER TABLE `modifications` DISABLE KEYS */;
/*!40000 ALTER TABLE `modifications` ENABLE KEYS */;
UNLOCK TABLES;

--
-- Table structure for table `nav_menus`
--

DROP TABLE IF EXISTS `nav_menus`;
/*!40101 SET @saved_cs_client     = @@character_set_client */;
/*!50503 SET character_set_client = utf8mb4 */;
CREATE TABLE `nav_menus` (
  `id` bigint(20) unsigned NOT NULL AUTO_INCREMENT,
  `title` varchar(255) NOT NULL,
  `icon` varchar(255) DEFAULT NULL,
  `link` varchar(255) NOT NULL,
  `allowed_roles` longtext CHARACTER SET utf8mb4 COLLATE utf8mb4_bin NOT NULL CHECK (json_valid(`allowed_roles`)),
  `allowed_office` longtext CHARACTER SET utf8mb4 COLLATE utf8mb4_bin DEFAULT NULL COMMENT '(DC2Type:json)' CHECK (json_valid(`allowed_office`)),
  `parent_menu` int(11) NOT NULL DEFAULT 0,
  `menu_order` int(11) NOT NULL DEFAULT 0,
  `created_at` timestamp NULL DEFAULT NULL,
  `updated_at` timestamp NULL DEFAULT NULL,
  PRIMARY KEY (`id`)
) ENGINE=InnoDB AUTO_INCREMENT=15 DEFAULT CHARSET=utf8mb4 COLLATE=utf8mb4_unicode_ci;
/*!40101 SET character_set_client = @saved_cs_client */;

--
-- Dumping data for table `nav_menus`
--

LOCK TABLES `nav_menus` WRITE;
/*!40000 ALTER TABLE `nav_menus` DISABLE KEYS */;
INSERT INTO `nav_menus` VALUES (1,'Dashboard','fas fa-home','/page_dashboard','[\"Sr-TESDS\",\"DIVISION-SupervisingTESDS\",\"DIVISION-ADMIN\",\"DIVISION-CHIEF\",\"DDG\",\"ED\",\"AED\",\"EA\",\"TESDS\",\"ADMIN\",\"Developer\"]','[\"SU\",\"HRDC\",\"CO-PRD\",\"CO-CAD\",\"CO\",\"NTTA\",\"ROMO-ROMD\",\"ROMO\",\"QSO-CTADD\",\"QSO-CPSDD\",\"QSO-CSDD\",\"NSOWPS\",\"PLO\",\"PLO-PNAD\",\"FMS-BD\",\"FMS-AD\",\"FMS\",\"e-TESDA\",\"ICTO-ITPMD\",\"ICTO-ITOD\",\"ICTO\",\"TWC\",\"PLO-PAID\",\"NITESD-LDD\",\"NITESD-TRDD\",\"ODDG-TESDO\",\"FSTP\",\"PO-KMQAD\",\"SIPTVET\",\"PMO\",\"TBS\",\"ODDG-FLA\",\"ODDG-AI\",\"ODDG-SC\",\"ODDG-PL\",\"OSEC\",\"PIO\",\"PIAD\",\"PO-LMID\",\"PO-FRPDD\",\"PO-PPD\",\"PO-PRED\",\"TDI\",\"SMD-SMO\",\"SMO\",\"CCU\",\"IAD\",\"DEV\",\"NITESD\",\"QSO\",\"PO\",\"ODDG-PP\"]',0,0,'2025-11-03 22:19:19','2026-01-20 02:51:59'),(2,'User Management','fas fa-users','/page_usermanagement','[\"Sr-TESDS\",\"DIVISION-SupervisingTESDS\",\"DIVISION-ADMIN\",\"DIVISION-CHIEF\",\"DDG\",\"ED\",\"AED\",\"EA\",\"TESDS\",\"ADMIN\",\"Developer\"]','[\"SU\",\"DEV\",\"ODDG-PP\"]',0,4,'2025-11-03 22:19:19','2026-01-20 03:39:20'),(3,'Developer Option','fas fa-users','#','[\"Sr-TESDS\",\"DIVISION-SupervisingTESDS\",\"DIVISION-ADMIN\",\"DIVISION-CHIEF\",\"DDG\",\"ED\",\"AED\",\"EA\",\"TESDS\",\"ADMIN\",\"Developer\"]','[\"SU\",\"DEV\",\"ODDG-PP\"]',0,6,'2025-11-03 22:19:19','2026-01-20 02:52:58'),(4,'Mailer',NULL,'/page_mailer','[\"Sr-TESDS\",\"DIVISION-SupervisingTESDS\",\"DIVISION-ADMIN\",\"DIVISION-CHIEF\",\"DDG\",\"ED\",\"AED\",\"EA\",\"TESDS\",\"ADMIN\",\"Developer\"]','[\"SU\",\"DEV\",\"ODDG-PP\"]',3,1,'2025-11-03 22:19:19','2026-01-20 02:52:58'),(5,'Menus',NULL,'/page_menus','[\"Sr-TESDS\",\"DIVISION-SupervisingTESDS\",\"DIVISION-ADMIN\",\"DIVISION-CHIEF\",\"DDG\",\"ED\",\"AED\",\"EA\",\"TESDS\",\"ADMIN\",\"Developer\"]','[\"SU\",\"DEV\",\"ODDG-PP\"]',3,2,'2025-11-03 22:19:19','2026-01-20 02:52:58'),(6,'Documents',NULL,'/page_documents','[\"Sr-TESDS\",\"DIVISION-SupervisingTESDS\",\"DIVISION-ADMIN\",\"DIVISION-CHIEF\",\"DDG\",\"ED\",\"AED\",\"EA\",\"TESDS\",\"ADMIN\",\"Developer\"]','[\"SU\",\"HRDC\",\"CO-PRD\",\"CO-CAD\",\"CO\",\"NTTA\",\"ROMO-ROMD\",\"ROMO\",\"QSO-CTADD\",\"QSO-CPSDD\",\"QSO-CSDD\",\"NSOWPS\",\"PLO\",\"PLO-PNAD\",\"FMS-BD\",\"FMS-AD\",\"FMS\",\"e-TESDA\",\"ICTO-ITPMD\",\"ICTO-ITOD\",\"ICTO\",\"TWC\",\"PLO-PAID\",\"NITESD-LDD\",\"NITESD-TRDD\",\"ODDG-TESDO\",\"FSTP\",\"PO-KMQAD\",\"SIPTVET\",\"PMO\",\"TBS\",\"ODDG-FLA\",\"ODDG-AI\",\"ODDG-SC\",\"ODDG-PL\",\"OSEC\",\"PIO\",\"PIAD\",\"PO-LMID\",\"PO-FRPDD\",\"PO-PPD\",\"PO-PRED\",\"TDI\",\"SMD-SMO\",\"SMO\",\"CCU\",\"IAD\",\"DEV\",\"NITESD\",\"QSO\",\"PO\",\"ODDG-PP\"]',0,2,'2025-11-04 01:04:07','2026-01-20 02:52:20'),(7,'Reports',NULL,'#','[\"Sr-TESDS\",\"DIVISION-SupervisingTESDS\",\"DIVISION-ADMIN\",\"DIVISION-CHIEF\",\"DDG\",\"ED\",\"AED\",\"EA\",\"TESDS\",\"ADMIN\",\"Developer\"]','[\"SU\",\"HRDC\",\"CO-PRD\",\"CO-CAD\",\"CO\",\"NTTA\",\"ROMO-ROMD\",\"ROMO\",\"QSO-CTADD\",\"QSO-CPSDD\",\"QSO-CSDD\",\"NSOWPS\",\"PLO\",\"PLO-PNAD\",\"FMS-BD\",\"FMS-AD\",\"FMS\",\"e-TESDA\",\"ICTO-ITPMD\",\"ICTO-ITOD\",\"ICTO\",\"TWC\",\"PLO-PAID\",\"NITESD-LDD\",\"NITESD-TRDD\",\"ODDG-TESDO\",\"FSTP\",\"PO-KMQAD\",\"SIPTVET\",\"PMO\",\"TBS\",\"ODDG-FLA\",\"ODDG-AI\",\"ODDG-SC\",\"ODDG-PL\",\"OSEC\",\"PIO\",\"PIAD\",\"PO-LMID\",\"PO-FRPDD\",\"PO-PPD\",\"PO-PRED\",\"TDI\",\"SMD-SMO\",\"SMO\",\"CCU\",\"IAD\",\"DEV\",\"NITESD\",\"QSO\",\"PO\",\"ODDG-PP\"]',0,5,'2025-11-04 01:04:47','2026-01-20 02:52:40'),(8,'For Approval',NULL,'/page_approvals','[\"Sr-TESDS\",\"DIVISION-SupervisingTESDS\",\"DIVISION-CHIEF\",\"DDG\",\"ED\",\"AED\",\"EA\",\"TESDS\",\"Developer\"]','[\"SU\",\"HRDC\",\"CO-PRD\",\"CO-CAD\",\"CO\",\"NTTA\",\"ROMO-ROMD\",\"ROMO\",\"QSO-CTADD\",\"QSO-CPSDD\",\"QSO-CSDD\",\"NSOWPS\",\"PLO\",\"PLO-PNAD\",\"FMS-BD\",\"FMS-AD\",\"FMS\",\"e-TESDA\",\"ICTO-ITPMD\",\"ICTO-ITOD\",\"ICTO\",\"TWC\",\"PLO-PAID\",\"NITESD-LDD\",\"NITESD-TRDD\",\"ODDG-TESDO\",\"FSTP\",\"PO-KMQAD\",\"SIPTVET\",\"PMO\",\"TBS\",\"ODDG-FLA\",\"ODDG-AI\",\"ODDG-SC\",\"ODDG-PL\",\"OSEC\",\"PIO\",\"PIAD\",\"PO-LMID\",\"PO-FRPDD\",\"PO-PPD\",\"PO-PRED\",\"TDI\",\"SMD-SMO\",\"SMO\",\"CCU\",\"IAD\",\"DEV\",\"NITESD\",\"QSO\",\"PO\",\"ODDG-PP\"]',0,1,'2025-11-04 01:05:11','2026-01-20 02:52:15'),(9,'User Report',NULL,'/page_reports_users','[\"Sr-TESDS\",\"DIVISION-SupervisingTESDS\",\"DIVISION-ADMIN\",\"DIVISION-CHIEF\",\"DDG\",\"ED\",\"AED\",\"EA\",\"TESDS\",\"ADMIN\",\"Developer\"]','[\"SU\",\"HRDC\",\"CO-PRD\",\"CO-CAD\",\"CO\",\"NTTA\",\"ROMO-ROMD\",\"ROMO\",\"QSO-CTADD\",\"QSO-CPSDD\",\"QSO-CSDD\",\"NSOWPS\",\"PLO\",\"PLO-PNAD\",\"FMS-BD\",\"FMS-AD\",\"FMS\",\"e-TESDA\",\"ICTO-ITPMD\",\"ICTO-ITOD\",\"ICTO\",\"TWC\",\"PLO-PAID\",\"NITESD-LDD\",\"NITESD-TRDD\",\"ODDG-TESDO\",\"FSTP\",\"PO-KMQAD\",\"SIPTVET\",\"PMO\",\"TBS\",\"ODDG-FLA\",\"ODDG-AI\",\"ODDG-SC\",\"ODDG-PL\",\"OSEC\",\"PIO\",\"PIAD\",\"PO-LMID\",\"PO-FRPDD\",\"PO-PPD\",\"PO-PRED\",\"TDI\",\"SMD-SMO\",\"SMO\",\"CCU\",\"IAD\",\"DEV\",\"NITESD\",\"QSO\",\"PO\",\"ODDG-PP\"]',7,1,'2025-11-04 01:05:48','2026-01-20 02:52:40'),(10,'Document Report',NULL,'/page_reports_documents','[\"Sr-TESDS\",\"DIVISION-SupervisingTESDS\",\"DIVISION-ADMIN\",\"DIVISION-CHIEF\",\"DDG\",\"ED\",\"AED\",\"EA\",\"TESDS\",\"ADMIN\",\"Developer\"]','[\"SU\",\"HRDC\",\"CO-PRD\",\"CO-CAD\",\"CO\",\"NTTA\",\"ROMO-ROMD\",\"ROMO\",\"QSO-CTADD\",\"QSO-CPSDD\",\"QSO-CSDD\",\"NSOWPS\",\"PLO\",\"PLO-PNAD\",\"FMS-BD\",\"FMS-AD\",\"FMS\",\"e-TESDA\",\"ICTO-ITPMD\",\"ICTO-ITOD\",\"ICTO\",\"TWC\",\"PLO-PAID\",\"NITESD-LDD\",\"NITESD-TRDD\",\"ODDG-TESDO\",\"FSTP\",\"PO-KMQAD\",\"SIPTVET\",\"PMO\",\"TBS\",\"ODDG-FLA\",\"ODDG-AI\",\"ODDG-SC\",\"ODDG-PL\",\"OSEC\",\"PIO\",\"PIAD\",\"PO-LMID\",\"PO-FRPDD\",\"PO-PPD\",\"PO-PRED\",\"TDI\",\"SMD-SMO\",\"SMO\",\"CCU\",\"IAD\",\"DEV\",\"NITESD\",\"QSO\",\"PO\",\"ODDG-PP\"]',7,2,'2025-11-04 01:06:25','2026-01-20 02:52:40'),(11,'Settings',NULL,'/page_settings','[\"Sr-TESDS\",\"DIVISION-SupervisingTESDS\",\"DIVISION-ADMIN\",\"DIVISION-CHIEF\",\"DDG\",\"ED\",\"AED\",\"EA\",\"TESDS\",\"ADMIN\",\"Developer\"]','[\"SU\",\"DEV\",\"ODDG-PP\"]',3,3,'2025-11-04 17:02:48','2026-01-20 02:52:58'),(14,'Finance Tracker',NULL,'page_finance_tracker','[\"Sr-TESDS\",\"DIVISION-SupervisingTESDS\",\"DIVISION-ADMIN\",\"DIVISION-CHIEF\",\"DDG\",\"ED\",\"AED\",\"EA\",\"TESDS\",\"ADMIN\",\"Developer\"]','[\"SU\",\"HRDC\",\"CO-PRD\",\"CO-CAD\",\"CO\",\"NTTA\",\"ROMO-ROMD\",\"ROMO\",\"QSO-CTADD\",\"QSO-CPSDD\",\"QSO-CSDD\",\"NSOWPS\",\"PLO\",\"PLO-PNAD\",\"FMS-BD\",\"FMS-AD\",\"FMS\",\"e-TESDA\",\"ICTO-ITPMD\",\"ICTO-ITOD\",\"ICTO\",\"TWC\",\"PLO-PAID\",\"NITESD-LDD\",\"NITESD-TRDD\",\"ODDG-TESDO\",\"FSTP\",\"PO-KMQAD\",\"SIPTVET\",\"PMO\",\"TBS\",\"ODDG-FLA\",\"ODDG-AI\",\"ODDG-SC\",\"ODDG-PL\",\"OSEC\",\"PIO\",\"PIAD\",\"PO-LMID\",\"PO-FRPDD\",\"PO-PPD\",\"PO-PRED\",\"TDI\",\"SMD-SMO\",\"SMO\",\"CCU\",\"IAD\",\"DEV\",\"NITESD\",\"QSO\",\"PO\",\"ODDG-PP\"]',0,3,'2026-01-14 00:00:29','2026-01-20 02:52:27');
/*!40000 ALTER TABLE `nav_menus` ENABLE KEYS */;
UNLOCK TABLES;

--
-- Table structure for table `notifications`
--

DROP TABLE IF EXISTS `notifications`;
/*!40101 SET @saved_cs_client     = @@character_set_client */;
/*!50503 SET character_set_client = utf8mb4 */;
CREATE TABLE `notifications` (
  `id` bigint(20) unsigned NOT NULL AUTO_INCREMENT,
  `office_origin` varchar(255) DEFAULT NULL,
  `destination_office` varchar(255) DEFAULT NULL,
  `routed_to` int(11) DEFAULT NULL,
  `document_id` bigint(20) unsigned NOT NULL,
  `user_id` bigint(20) unsigned NOT NULL,
  `from_user_id` varchar(10) DEFAULT NULL,
  `message` text NOT NULL,
  `is_read` tinyint(1) NOT NULL DEFAULT 0,
  `created_at` timestamp NULL DEFAULT NULL,
  `updated_at` timestamp NULL DEFAULT NULL,
  PRIMARY KEY (`id`),
  KEY `notifications_document_id_foreign` (`document_id`),
  KEY `notifications_user_id_foreign` (`user_id`),
  CONSTRAINT `notifications_document_id_foreign` FOREIGN KEY (`document_id`) REFERENCES `documents` (`document_id`) ON DELETE CASCADE,
  CONSTRAINT `notifications_user_id_foreign` FOREIGN KEY (`user_id`) REFERENCES `users` (`id`) ON DELETE CASCADE
) ENGINE=InnoDB AUTO_INCREMENT=885 DEFAULT CHARSET=utf8mb4 COLLATE=utf8mb4_unicode_ci;
/*!40101 SET character_set_client = @saved_cs_client */;

--
-- Dumping data for table `notifications`
--

LOCK TABLES `notifications` WRITE;
/*!40000 ALTER TABLE `notifications` DISABLE KEYS */;
INSERT INTO `notifications` VALUES (795,'PO','ODDG-PP',NULL,242,17,'22','New document uploaded: sadasdad',1,'2026-01-16 06:13:34','2026-01-16 06:41:14'),(796,'PO','ODDG-PP',NULL,242,18,'22','New document uploaded: sadasdad',0,'2026-01-16 06:13:34','2026-01-16 06:13:34'),(797,'PO','ODDG-PP',NULL,242,22,'17','17 has confirmed receipt of the document',1,'2026-01-16 06:13:46','2026-01-19 02:11:09'),(798,'PO','ODDG-PP',NULL,243,17,'22','New document uploaded: sad',1,'2026-01-16 06:18:11','2026-01-16 06:41:14'),(799,'PO','ODDG-PP',NULL,243,18,'22','New document uploaded: sad',0,'2026-01-16 06:18:11','2026-01-16 06:18:11'),(800,'PO','ODDG-PP',NULL,243,22,'17','17 has confirmed receipt of the document',1,'2026-01-16 06:18:22','2026-01-19 02:11:09'),(801,'PO','ODDG-PP',NULL,244,17,'22','New document uploaded: 1wqeqw',1,'2026-01-16 06:24:52','2026-01-16 06:41:14'),(802,'PO','ODDG-PP',NULL,244,18,'22','New document uploaded: 1wqeqw',0,'2026-01-16 06:24:52','2026-01-16 06:24:52'),(803,'PO','ODDG-PP',NULL,244,22,'17','17 has confirmed receipt of the document',1,'2026-01-16 06:25:01','2026-01-19 02:11:09'),(804,'PO','ODDG-PP',NULL,245,17,'22','New document uploaded: asdad',1,'2026-01-16 06:30:04','2026-01-16 06:41:14'),(805,'PO','ODDG-PP',NULL,245,18,'22','New document uploaded: asdad',0,'2026-01-16 06:30:04','2026-01-16 06:30:04'),(806,'PO','ODDG-PP',NULL,245,22,'17','17 has confirmed receipt of the document',1,'2026-01-16 06:30:11','2026-01-19 02:11:09'),(807,'PO','ODDG-PP',NULL,246,17,'22','New document uploaded: sdada',1,'2026-01-16 06:38:18','2026-01-16 06:41:14'),(808,'PO','ODDG-PP',NULL,246,18,'22','New document uploaded: sdada',0,'2026-01-16 06:38:18','2026-01-16 06:38:18'),(809,'PO','ODDG-PP',NULL,246,22,'17','17 has confirmed receipt of the document',1,'2026-01-16 06:38:24','2026-01-19 02:11:09'),(810,'PO','ODDG-PP',NULL,247,17,'22','New document uploaded: sadasd',1,'2026-01-16 06:40:18','2026-01-16 06:41:14'),(811,'PO','ODDG-PP',NULL,247,18,'22','New document uploaded: sadasd',0,'2026-01-16 06:40:18','2026-01-16 06:40:18'),(812,'PO','ODDG-PP',NULL,247,22,'17','17 has confirmed receipt of the document',1,'2026-01-16 06:40:23','2026-01-19 02:11:09'),(813,'PO','ODDG-PP',NULL,247,19,'17','16012026-00006 has been routed you by  test.ppadmin01 for approval',0,'2026-01-16 06:59:33','2026-01-16 06:59:33'),(814,'DEV','SU',NULL,248,43,'16','New document uploaded: asd123',1,'2026-01-20 02:40:42','2026-01-22 05:23:32'),(815,'DEV','ODDG-PP',NULL,249,17,'16','New document uploaded: 123',0,'2026-01-20 02:44:24','2026-01-20 02:44:24'),(816,'DEV','ODDG-PP',NULL,249,18,'16','New document uploaded: 123',0,'2026-01-20 02:44:28','2026-01-20 02:44:28'),(817,'DEV','ODDG-PP',NULL,249,45,'16','New document uploaded: 123',1,'2026-01-20 02:44:30','2026-01-22 01:55:42'),(818,'DEV','ODDG-PP',NULL,249,16,'45','45 has confirmed receipt of the document',1,'2026-01-20 02:45:25','2026-01-20 02:47:03'),(819,'DEV','ODDG-PP',NULL,249,16,'45','45 has confirmed receipt of the document',1,'2026-01-20 02:45:26','2026-01-20 02:47:03'),(820,'DEV','ODDG-PP',NULL,249,16,'45','45 has confirmed receipt of the document',1,'2026-01-20 02:45:28','2026-01-20 02:47:03'),(821,'DEV','ODDG-PP',NULL,249,16,'45','45 has confirmed receipt of the document',1,'2026-01-20 02:45:30','2026-01-20 02:47:03'),(822,'DEV','ODDG-PP',NULL,249,16,'45','45 has confirmed receipt of the document',1,'2026-01-20 02:45:30','2026-01-20 02:47:03'),(823,'SU','ODDG-PP',NULL,250,17,'43','New document uploaded: test02',0,'2026-01-20 02:54:03','2026-01-20 02:54:03'),(824,'SU','ODDG-PP',NULL,250,18,'43','New document uploaded: test02',0,'2026-01-20 02:54:07','2026-01-20 02:54:07'),(825,'SU','ODDG-PP',NULL,250,45,'43','New document uploaded: test02',1,'2026-01-20 02:54:08','2026-01-22 01:55:42'),(826,'SU','ODDG-PP',NULL,250,43,'45','45 has confirmed receipt of the document',1,'2026-01-20 02:55:54','2026-01-22 05:23:32'),(827,'SU','ODDG-PP',NULL,250,43,'45','45 has confirmed receipt of the document',1,'2026-01-20 02:55:56','2026-01-22 05:23:32'),(828,'SU','ODDG-PP',NULL,251,17,'43','New document uploaded: test03',0,'2026-01-20 02:58:56','2026-01-20 02:58:56'),(829,'SU','ODDG-PP',NULL,251,18,'43','New document uploaded: test03',0,'2026-01-20 02:58:59','2026-01-20 02:58:59'),(830,'SU','ODDG-PP',NULL,251,45,'43','New document uploaded: test03',1,'2026-01-20 02:59:01','2026-01-22 01:55:42'),(831,'SU','ODDG-PP',NULL,251,43,'45','45 has confirmed receipt of the document',1,'2026-01-20 02:59:23','2026-01-22 05:23:32'),(832,'SU','ODDG-PP',NULL,251,43,'45','45 has confirmed receipt of the document',1,'2026-01-20 02:59:24','2026-01-22 05:23:32'),(833,'SU','ODDG-PP',NULL,251,43,'45','45 has confirmed receipt of the document',1,'2026-01-20 02:59:24','2026-01-22 05:23:32'),(834,'SU','ODDG-PP',NULL,251,43,'45','45 has confirmed receipt of the document',1,'2026-01-20 02:59:24','2026-01-22 05:23:32'),(835,'SU','ODDG-PP',NULL,251,43,'45','45 has confirmed receipt of the document',1,'2026-01-20 02:59:24','2026-01-22 05:23:32'),(836,'SU','ODDG-PP',NULL,252,17,'43','New document uploaded: test04',0,'2026-01-20 03:00:58','2026-01-20 03:00:58'),(837,'SU','ODDG-PP',NULL,252,18,'43','New document uploaded: test04',0,'2026-01-20 03:01:01','2026-01-20 03:01:01'),(838,'SU','ODDG-PP',NULL,252,45,'43','New document uploaded: test04',1,'2026-01-20 03:01:03','2026-01-22 01:55:42'),(839,'SU','ODDG-PP',NULL,252,43,'45','45 has confirmed receipt of the document',1,'2026-01-20 03:01:19','2026-01-22 05:23:32'),(840,'ODDG-PP','SU',NULL,253,43,'45','New document uploaded: test05',1,'2026-01-20 03:08:03','2026-01-22 05:23:32'),(841,'DEV','SU',NULL,248,16,'43','43 has confirmed receipt of the document',0,'2026-01-20 03:37:00','2026-01-20 03:37:00'),(842,'DEV','SU',NULL,248,44,'43','20012026-00001 has been routed you by  minton diaz for approval',1,'2026-01-20 03:37:15','2026-01-22 01:49:03'),(843,'DEV','SU',NULL,248,44,'44','20012026-00001 has been routed to you for approval',1,'2026-01-20 03:38:17','2026-01-22 01:49:03'),(844,'DEV','SU',NULL,248,46,'44','20012026-00001 has been routed to you for approval',1,'2026-01-20 03:40:28','2026-01-20 06:14:27'),(845,'DEV','SU',NULL,248,43,'46','asd123 Has been approved. you may route this to the origin office',1,'2026-01-20 03:48:32','2026-01-22 05:23:32'),(846,'DEV','SU',NULL,248,44,'46','asd123 Has been approved. you may route this to the origin office',1,'2026-01-20 03:48:35','2026-01-22 01:49:03'),(847,'DEV','SU',NULL,248,46,'46','asd123 Has been approved. you may route this to the origin office',1,'2026-01-20 03:48:36','2026-01-20 06:14:27'),(848,'DEV','DEV',NULL,248,16,'43','20012026-00001 has been routed to DEV by  minton diaz',0,'2026-01-20 04:09:36','2026-01-20 04:09:36'),(849,'ODDG-PP','SU',NULL,254,43,'45','New document uploaded: test033',1,'2026-01-20 06:10:59','2026-01-22 05:23:32'),(850,'ODDG-PP','SU',NULL,254,45,'43','43 has confirmed receipt of the document',1,'2026-01-20 06:11:34','2026-01-22 01:55:42'),(851,'ODDG-PP','SU',NULL,254,44,'43','20012026-00007 has been routed you by  minton diaz for approval',1,'2026-01-20 06:12:44','2026-01-22 01:49:03'),(852,'ODDG-PP','SU',NULL,254,46,'44','20012026-00007 has been routed to you for approval',1,'2026-01-20 06:13:51','2026-01-20 06:14:27'),(853,'ODDG-PP','SU',NULL,254,43,'46','test033 Has been approved. you may route this to the origin office',1,'2026-01-20 06:14:40','2026-01-22 05:23:32'),(854,'ODDG-PP','SU',NULL,254,44,'46','test033 Has been approved. you may route this to the origin office',1,'2026-01-20 06:14:44','2026-01-22 01:49:03'),(855,'ODDG-PP','SU',NULL,254,46,'46','test033 Has been approved. you may route this to the origin office',0,'2026-01-20 06:14:45','2026-01-20 06:14:45'),(856,'ODDG-PP','ODDG-PP',NULL,254,17,'43','20012026-00007 has been routed to ODDG-PP by  minton diaz',0,'2026-01-20 06:16:38','2026-01-20 06:16:38'),(857,'ODDG-PP','ODDG-PP',NULL,254,18,'43','20012026-00007 has been routed to ODDG-PP by  minton diaz',0,'2026-01-20 06:16:41','2026-01-20 06:16:41'),(858,'ODDG-PP','ODDG-PP',NULL,254,45,'43','20012026-00007 has been routed to ODDG-PP by  minton diaz',1,'2026-01-20 06:16:43','2026-01-22 01:55:42'),(859,'ODDG-PP','ODDG-PP',NULL,254,45,'45','45 has confirmed receipt of the document',1,'2026-01-20 06:16:51','2026-01-22 01:55:42'),(860,'ODDG-PP','SU',NULL,255,43,'45','New document uploaded: qwe',1,'2026-01-21 05:11:30','2026-01-22 05:23:32'),(861,'ODDG-PP','SU',NULL,256,43,'45','New document uploaded: adas',1,'2026-01-21 05:12:09','2026-01-22 05:23:32'),(862,'SU','ODDG-PP',NULL,257,17,'43','New document uploaded: PO1231',0,'2026-01-22 01:45:26','2026-01-22 01:45:26'),(863,'SU','ODDG-PP',NULL,257,18,'43','New document uploaded: PO1231',0,'2026-01-22 01:45:30','2026-01-22 01:45:30'),(864,'SU','ODDG-PP',NULL,257,45,'43','New document uploaded: PO1231',1,'2026-01-22 01:45:31','2026-01-22 01:55:42'),(865,'SU','ODDG-PP',NULL,257,43,'45','45 has confirmed receipt of the document',1,'2026-01-22 01:45:52','2026-01-22 05:23:32'),(866,'ODDG-PP','ODDG-PP',NULL,258,17,'45','New document uploaded: asdad',0,'2026-01-22 01:46:48','2026-01-22 01:46:48'),(867,'ODDG-PP','ODDG-PP',NULL,258,18,'45','New document uploaded: asdad',0,'2026-01-22 01:46:51','2026-01-22 01:46:51'),(868,'ODDG-PP','ODDG-PP',NULL,258,45,'45','New document uploaded: asdad',1,'2026-01-22 01:46:53','2026-01-22 01:55:42'),(869,'ODDG-PP','SU',NULL,259,43,'45','New document uploaded: asda',1,'2026-01-22 01:47:23','2026-01-22 05:23:32'),(870,'ODDG-PP','SU',NULL,259,45,'43','43 has confirmed receipt of the document',1,'2026-01-22 01:47:41','2026-01-22 01:55:42'),(871,'ODDG-PP','SU',NULL,259,44,'43','22012026-00003 has been routed you by  minton diaz for approval',1,'2026-01-22 01:48:13','2026-01-22 01:49:03'),(872,'ODDG-PP','SU',NULL,259,46,'44','22012026-00003 has been routed to you for approval',0,'2026-01-22 01:49:12','2026-01-22 01:49:12'),(873,'ODDG-PP','SU',NULL,259,44,'46','asda Has been Disapproved.',0,'2026-01-22 01:52:25','2026-01-22 01:52:25'),(874,'ODDG-PP','SU',NULL,259,43,'44','22012026-00003 has been routed you by  notnimzaid for approval',1,'2026-01-22 01:53:13','2026-01-22 05:23:32'),(875,'ODDG-PP','ODDG-PP',NULL,259,17,'43','22012026-00003 has been routed to ODDG-PP by  minton diaz',0,'2026-01-22 01:54:10','2026-01-22 01:54:10'),(876,'ODDG-PP','ODDG-PP',NULL,259,18,'43','22012026-00003 has been routed to ODDG-PP by  minton diaz',0,'2026-01-22 01:54:14','2026-01-22 01:54:14'),(877,'ODDG-PP','ODDG-PP',NULL,259,45,'43','22012026-00003 has been routed to ODDG-PP by  minton diaz',1,'2026-01-22 01:54:15','2026-01-22 01:55:42'),(878,'SU','ODDG-PP',NULL,260,17,'43','New document uploaded: testpp',0,'2026-01-22 02:13:17','2026-01-22 02:13:17'),(879,'SU','ODDG-PP',NULL,260,18,'43','New document uploaded: testpp',0,'2026-01-22 02:13:21','2026-01-22 02:13:21'),(880,'SU','ODDG-PP',NULL,260,45,'43','New document uploaded: testpp',0,'2026-01-22 02:13:22','2026-01-22 02:13:22'),(881,'SU','ODDG-PP',NULL,260,47,'43','New document uploaded: testpp',1,'2026-01-22 02:13:23','2026-01-22 05:24:27'),(882,'SU','ODDG-PP',NULL,260,43,'47','47 has confirmed receipt of the document',1,'2026-01-22 02:14:38','2026-01-22 05:23:32'),(883,'ODDG-PP','SU',NULL,256,45,'43','43 has confirmed receipt of the document',0,'2026-01-22 02:15:31','2026-01-22 02:15:31'),(884,'ODDG-PP','ODDG-PP',NULL,258,45,'47','47 has confirmed receipt of the document',0,'2026-01-22 03:54:21','2026-01-22 03:54:21');
/*!40000 ALTER TABLE `notifications` ENABLE KEYS */;
UNLOCK TABLES;

--
-- Table structure for table `office_table`
--

DROP TABLE IF EXISTS `office_table`;
/*!40101 SET @saved_cs_client     = @@character_set_client */;
/*!50503 SET character_set_client = utf8mb4 */;
CREATE TABLE `office_table` (
  `office_id` int(10) unsigned NOT NULL AUTO_INCREMENT,
  `office_name` varchar(100) NOT NULL,
  `office_code` varchar(20) NOT NULL,
  `created_at` timestamp NOT NULL DEFAULT current_timestamp(),
  PRIMARY KEY (`office_id`),
  UNIQUE KEY `office_table_office_code_unique` (`office_code`)
) ENGINE=InnoDB AUTO_INCREMENT=66 DEFAULT CHARSET=utf8mb4 COLLATE=utf8mb4_unicode_ci;
/*!40101 SET character_set_client = @saved_cs_client */;

--
-- Dumping data for table `office_table`
--

LOCK TABLES `office_table` WRITE;
/*!40000 ALTER TABLE `office_table` DISABLE KEYS */;
INSERT INTO `office_table` VALUES (5,'DEV','DEV','2025-11-24 02:28:10'),(6,'ODDG-PP','ODDG-PP','2025-11-23 18:35:37'),(7,'PO','PO','2025-11-23 18:35:51'),(8,'EOD-QSO','QSO','2025-11-23 18:36:01'),(9,'EOD-NITESD','NITESD','2025-11-23 18:36:12'),(13,'OSEC/ODG','OSEC','2025-12-22 04:52:05'),(14,'ODDG-TESDO','ODDG-TESDO','2025-12-22 04:52:05'),(15,'ODDG-PL','ODDG-PL','2025-12-22 04:52:05'),(16,'ODDG-SC','ODDG-SC','2025-12-22 04:52:05'),(17,'ODDG-AI','ODDG-AI','2025-12-22 04:52:05'),(18,'ODDG-FLA','ODDG-FLA','2025-12-22 04:52:05'),(19,'TBS','TBS','2025-12-22 04:52:05'),(20,'IAD','IAD','2025-12-22 04:52:05'),(21,'PMO','PMO','2025-12-22 04:52:05'),(22,'SIPTVET','SIPTVET','2025-12-22 04:52:05'),(23,'PIO','PIO','2025-12-22 04:52:05'),(24,'PIAD','PIAD','2025-12-22 04:52:05'),(25,'CCU','CCU','2025-12-22 04:52:05'),(26,'SMO','SMO','2025-12-22 04:52:05'),(27,'SMD-SMO','SMD-SMO','2025-12-22 04:52:05'),(28,'FSTP','FSTP','2025-12-22 04:52:05'),(29,'TDI','TDI','2025-12-22 04:52:05'),(30,'PO-PRED','PO-PRED','2025-12-22 04:52:05'),(31,'PO-PPD','PO-PPD','2025-12-22 04:52:05'),(32,'PO-FRPDD','PO-FRPDD','2025-12-22 04:52:05'),(33,'PO-LMID','PO-LMID','2025-12-22 04:52:05'),(34,'PO-KMQAD','PO-KMQAD','2025-12-22 04:52:05'),(36,'NITESD-TRDD','NITESD-TRDD','2025-12-22 04:52:30'),(37,'NITESD-LDD','NITESD-LDD','2025-12-22 04:52:30'),(39,'QSO-CSDD','QSO-CSDD','2025-12-22 04:52:35'),(40,'QSO-CPSDD','QSO-CPSDD','2025-12-22 04:52:35'),(41,'QSO-CTADD','QSO-CTADD','2025-12-22 04:52:35'),(42,'ROMO','ROMO','2025-12-22 04:52:35'),(43,'ROMO-ROMD','ROMO-ROMD','2025-12-22 04:52:35'),(44,'NTTA','NTTA','2025-12-22 04:52:35'),(45,'CO','CO','2025-12-22 04:52:35'),(46,'CO-CAD','CO-CAD','2025-12-22 04:52:35'),(47,'CO-PRD','CO-PRD','2025-12-22 04:52:35'),(48,'HRDC','HRDC','2025-12-22 04:52:35'),(49,'NSOWPS','NSOWPS','2025-12-22 04:52:35'),(50,'PLO','PLO','2025-12-22 04:52:35'),(51,'PLO-PNAD','PLO-PNAD','2025-12-22 04:52:35'),(52,'PLO-PAID','PLO-PAID','2025-12-22 04:52:35'),(53,'TWC','TWC','2025-12-22 04:52:35'),(54,'ICTO','ICTO','2025-12-22 04:52:35'),(55,'ICTO-ITOD','ICTO-ITOD','2025-12-22 04:52:35'),(56,'ICTO-ITPMD','ICTO-ITPMD','2025-12-22 04:52:35'),(57,'e-TESDA','e-TESDA','2025-12-22 04:52:35'),(58,'FMS','FMS','2025-12-22 04:52:35'),(59,'FMS-AD','FMS-AD','2025-12-22 04:52:35'),(60,'FMS-BD','FMS-BD','2025-12-22 04:52:35'),(65,'SU','SU','2026-01-19 03:18:48');
/*!40000 ALTER TABLE `office_table` ENABLE KEYS */;
UNLOCK TABLES;

--
-- Table structure for table `password_reset_tokens`
--

DROP TABLE IF EXISTS `password_reset_tokens`;
/*!40101 SET @saved_cs_client     = @@character_set_client */;
/*!50503 SET character_set_client = utf8mb4 */;
CREATE TABLE `password_reset_tokens` (
  `email` varchar(255) NOT NULL,
  `token` varchar(255) NOT NULL,
  `created_at` timestamp NULL DEFAULT NULL,
  PRIMARY KEY (`email`)
) ENGINE=InnoDB DEFAULT CHARSET=utf8mb4 COLLATE=utf8mb4_unicode_ci;
/*!40101 SET character_set_client = @saved_cs_client */;

--
-- Dumping data for table `password_reset_tokens`
--

LOCK TABLES `password_reset_tokens` WRITE;
/*!40000 ALTER TABLE `password_reset_tokens` DISABLE KEYS */;
/*!40000 ALTER TABLE `password_reset_tokens` ENABLE KEYS */;
UNLOCK TABLES;

--
-- Table structure for table `personal_access_tokens`
--

DROP TABLE IF EXISTS `personal_access_tokens`;
/*!40101 SET @saved_cs_client     = @@character_set_client */;
/*!50503 SET character_set_client = utf8mb4 */;
CREATE TABLE `personal_access_tokens` (
  `id` bigint(20) unsigned NOT NULL AUTO_INCREMENT,
  `tokenable_type` varchar(255) NOT NULL,
  `tokenable_id` bigint(20) unsigned NOT NULL,
  `name` varchar(255) NOT NULL,
  `token` varchar(64) NOT NULL,
  `abilities` text DEFAULT NULL,
  `last_used_at` timestamp NULL DEFAULT NULL,
  `expires_at` timestamp NULL DEFAULT NULL,
  `created_at` timestamp NULL DEFAULT NULL,
  `updated_at` timestamp NULL DEFAULT NULL,
  PRIMARY KEY (`id`),
  UNIQUE KEY `personal_access_tokens_token_unique` (`token`),
  KEY `personal_access_tokens_tokenable_type_tokenable_id_index` (`tokenable_type`,`tokenable_id`)
) ENGINE=InnoDB DEFAULT CHARSET=utf8mb4 COLLATE=utf8mb4_unicode_ci;
/*!40101 SET character_set_client = @saved_cs_client */;

--
-- Dumping data for table `personal_access_tokens`
--

LOCK TABLES `personal_access_tokens` WRITE;
/*!40000 ALTER TABLE `personal_access_tokens` DISABLE KEYS */;
/*!40000 ALTER TABLE `personal_access_tokens` ENABLE KEYS */;
UNLOCK TABLES;

--
-- Table structure for table `setting_role`
--

DROP TABLE IF EXISTS `setting_role`;
/*!40101 SET @saved_cs_client     = @@character_set_client */;
/*!50503 SET character_set_client = utf8mb4 */;
CREATE TABLE `setting_role` (
  `id` bigint(20) unsigned NOT NULL AUTO_INCREMENT,
  `role_name` varchar(255) NOT NULL,
  PRIMARY KEY (`id`)
) ENGINE=InnoDB AUTO_INCREMENT=5 DEFAULT CHARSET=utf8mb4 COLLATE=utf8mb4_unicode_ci;
/*!40101 SET character_set_client = @saved_cs_client */;

--
-- Dumping data for table `setting_role`
--

LOCK TABLES `setting_role` WRITE;
/*!40000 ALTER TABLE `setting_role` DISABLE KEYS */;
INSERT INTO `setting_role` VALUES (1,'superadmin'),(2,'admin'),(3,'user'),(4,'developer');
/*!40000 ALTER TABLE `setting_role` ENABLE KEYS */;
UNLOCK TABLES;

--
-- Table structure for table `themes`
--

DROP TABLE IF EXISTS `themes`;
/*!40101 SET @saved_cs_client     = @@character_set_client */;
/*!50503 SET character_set_client = utf8mb4 */;
CREATE TABLE `themes` (
  `id` bigint(20) unsigned NOT NULL AUTO_INCREMENT,
  `logo` varchar(255) DEFAULT NULL,
  `primary_color` varchar(255) NOT NULL DEFAULT '#1d4ed8',
  `secondary_color` varchar(255) NOT NULL DEFAULT '#64748b',
  `highlight_color` varchar(255) NOT NULL DEFAULT '#f59e0b',
  `accent_color` varchar(255) NOT NULL DEFAULT '#10b981',
  `created_at` timestamp NULL DEFAULT NULL,
  `updated_at` timestamp NULL DEFAULT NULL,
  PRIMARY KEY (`id`)
) ENGINE=InnoDB AUTO_INCREMENT=2 DEFAULT CHARSET=utf8mb4 COLLATE=utf8mb4_unicode_ci;
/*!40101 SET character_set_client = @saved_cs_client */;

--
-- Dumping data for table `themes`
--

LOCK TABLES `themes` WRITE;
/*!40000 ALTER TABLE `themes` DISABLE KEYS */;
INSERT INTO `themes` VALUES (1,'logo.png','#1d4ed8','#64748b','#f59e0b','#10b981',NULL,NULL);
/*!40000 ALTER TABLE `themes` ENABLE KEYS */;
UNLOCK TABLES;

--
-- Table structure for table `userconfig_table`
--

DROP TABLE IF EXISTS `userconfig_table`;
/*!40101 SET @saved_cs_client     = @@character_set_client */;
/*!50503 SET character_set_client = utf8mb4 */;
CREATE TABLE `userconfig_table` (
  `id` int(10) unsigned NOT NULL AUTO_INCREMENT,
  `designation` varchar(100) NOT NULL,
  `approval_type` enum('pre-approval','final-approval','routing') NOT NULL,
  `created_at` timestamp NULL DEFAULT NULL,
  `updated_at` timestamp NULL DEFAULT NULL,
  PRIMARY KEY (`id`)
) ENGINE=InnoDB AUTO_INCREMENT=26 DEFAULT CHARSET=utf8mb4 COLLATE=utf8mb4_unicode_ci;
/*!40101 SET character_set_client = @saved_cs_client */;

--
-- Dumping data for table `userconfig_table`
--

LOCK TABLES `userconfig_table` WRITE;
/*!40000 ALTER TABLE `userconfig_table` DISABLE KEYS */;
INSERT INTO `userconfig_table` VALUES (13,'Developer','routing',NULL,NULL),(14,'ADMIN','routing','2025-11-23 18:36:30','2025-11-23 18:36:30'),(15,'TESDS','pre-approval','2025-11-23 18:36:45','2025-11-23 18:36:45'),(16,'EA','pre-approval','2025-11-23 18:36:56','2025-11-23 18:36:56'),(17,'AED','pre-approval','2025-11-23 18:37:02','2025-11-23 18:37:02'),(18,'ED','final-approval','2025-11-23 18:37:13','2025-11-23 18:37:13'),(19,'DDG','final-approval','2025-11-23 18:37:19','2025-11-23 18:37:19'),(20,'DIVISION-CHIEF','final-approval','2025-11-23 18:40:23','2025-11-23 18:40:23'),(21,'DIVISION-ADMIN','routing','2025-11-23 18:40:31','2025-11-23 18:40:31'),(23,'DIVISION-SupervisingTESDS','pre-approval','2025-11-23 18:41:38','2025-11-23 18:41:38'),(24,'Sr-TESDS','pre-approval','2025-11-23 18:48:21','2025-11-23 18:48:21');
/*!40000 ALTER TABLE `userconfig_table` ENABLE KEYS */;
UNLOCK TABLES;

--
-- Table structure for table `users`
--

DROP TABLE IF EXISTS `users`;
/*!40101 SET @saved_cs_client     = @@character_set_client */;
/*!50503 SET character_set_client = utf8mb4 */;
CREATE TABLE `users` (
  `id` bigint(20) unsigned NOT NULL AUTO_INCREMENT,
  `name` varchar(255) NOT NULL,
  `email` varchar(255) NOT NULL,
  `email_verified_at` timestamp NULL DEFAULT NULL,
  `password` varchar(255) NOT NULL,
  `remember_token` varchar(100) DEFAULT NULL,
  `created_at` timestamp NULL DEFAULT NULL,
  `updated_at` timestamp NULL DEFAULT NULL,
  `role` varchar(255) NOT NULL DEFAULT 'user',
  `role_id` bigint(20) unsigned NOT NULL DEFAULT 0,
  `authorize_signatory` int(11) NOT NULL DEFAULT 0,
  `status` varchar(20) NOT NULL DEFAULT 'active',
  `office_id` bigint(20) unsigned DEFAULT 0,
  PRIMARY KEY (`id`),
  UNIQUE KEY `users_email_unique` (`email`)
) ENGINE=InnoDB AUTO_INCREMENT=49 DEFAULT CHARSET=utf8mb4 COLLATE=utf8mb4_unicode_ci;
/*!40101 SET character_set_client = @saved_cs_client */;

--
-- Dumping data for table `users`
--

LOCK TABLES `users` WRITE;
/*!40000 ALTER TABLE `users` DISABLE KEYS */;
INSERT INTO `users` VALUES (16,'Developer','dev@email.com',NULL,'$2y$12$yT3r2NqonCYaWZXW0g1yH.mFjT3OHjfDDp/2sA3goMvX6jAAI4tDW',NULL,NULL,NULL,'Developer',13,0,'active',5),(17,'test.ppadmin01','test.ppadmin01@email.com',NULL,'$2y$12$yT3r2NqonCYaWZXW0g1yH.mFjT3OHjfDDp/2sA3goMvX6jAAI4tDW',NULL,'2025-11-23 18:42:48','2025-11-23 19:03:19','ADMIN',14,0,'active',6),(18,'test.ppadmin02','test.ppadmin02@email.com',NULL,'$2y$12$vuOFF1ezbJUR2SmWkEaI8ejL1LgD9DHDTK3ReF8aybncbDHPRZ/XC','wYe4BxsMS3xA77XRdE2LmllsRN0wuKRz4Obu3CcIJWIzEyzoGLzKWQgI9fiQ','2025-11-23 18:43:38','2025-11-23 18:43:38','ADMIN',14,0,'active',6),(19,'test.pptesds','test.pptesds@email.com',NULL,'$2y$12$UDClpn40rMoi.ehSIs8P6.pkZ6rA0FzsxwkRRzM8gwOfdVoggZYT2','2DkxrOIkANYB7m8y3ZgFevujApeYX3cDCLKYsTowzoTPq0RMCe5RIzdhNohI','2025-11-23 18:46:53','2025-11-23 18:46:53','TESDS',15,1,'active',6),(20,'test.ppea','test.ppea@email.com',NULL,'$2y$12$AeKor24wVdeCCXBbLj/Rc.6KGmgTO7.HU5wgxrOEm2yGnZUmJziRC','Pjw1be8r7gnXIkvvBxnrB8JdQWiDq8Yv0vSvJcxQpvBAMhFRMj9K7ZiN5WqO','2025-11-23 18:47:18','2025-11-23 18:47:18','EA',16,0,'active',6),(21,'test.ppsrtesds','test.ppsrtesds@email.com',NULL,'$2y$12$a40g6rhhvns/zpzEQzHMyOqpI2Lyfq5piaDuMwf4UP14y6YQ.mP7u',NULL,'2025-11-23 18:49:02','2025-11-23 18:49:02','Sr-TESDS',24,1,'active',6),(22,'test.poadmin01','test.poadmin01@email.com',NULL,'$2y$12$Z7U/Iz8EX14H12ScKKGlWui/sDQwyjg8uQY6sUd1tFqFSCyUG5DYa',NULL,'2025-11-23 18:49:19','2025-11-23 18:49:19','ADMIN',14,0,'active',7),(23,'test.poadmin02','test.poadmin02@email.com',NULL,'$2y$12$X1/s.sOXV8.Lzx.GSui3hezVPrpMyqVc9YwXmmPZM/y7sIW83kwjW',NULL,'2025-11-23 18:49:37','2025-11-23 18:49:37','ADMIN',14,0,'active',7),(24,'test.poaed','test.poaed@email.com',NULL,'$2y$12$t5ag0dK6EpPaM3o2/xo3c.s04.mm6dYQH2vKlT4Grg64BCEXg8O5a',NULL,'2025-11-23 18:50:08','2025-11-23 18:50:08','AED',17,0,'active',7),(25,'test.poed','test.poed@email.com',NULL,'$2y$12$UC1ZhGGEKYw6bkD4JCOPn.QSrFr.uw/XrCUAiqlvFIoVDneqWYGjO',NULL,'2025-11-23 18:50:23','2025-11-23 18:50:23','ED',18,0,'active',7),(26,'test.qsoadmin01','test.qsoadmin01@email.com',NULL,'$2y$12$1kLDjOhqZAJYhE6oiI/H1un8o03ooIzxtma9oUpKY5rz5LA0u5.xO',NULL,'2025-11-23 18:50:48','2025-11-23 18:50:48','ADMIN',14,0,'active',8),(27,'test.qsoadmin02','test.qsoadmin02@email.com',NULL,'$2y$12$oXhh6ogNfQvWSUBJFRIUr./6Ynp7E8tK8r5S9eYCXXsIYjALflXTi',NULL,'2025-11-23 18:51:04','2025-11-23 18:51:04','ADMIN',14,0,'active',8),(28,'test.qsoaed','test.qsoaed@email.com',NULL,'$2y$12$8vEfv2x3dHhX3aXQEavjoubcVAxmSYy1iSTfYN13S0DXipysRoUf2',NULL,'2025-11-23 18:51:21','2025-11-23 18:51:21','AED',17,0,'active',8),(29,'test.qsoed','test.qsoed@email.com',NULL,'$2y$12$BWCbYdVulKEC4o7hR2IxeO2e8aF95Spt4xQsNMb4nbfUmC4pBGqqe',NULL,'2025-11-23 18:51:38','2025-11-23 18:51:38','ED',18,0,'active',8),(30,'test.nitesdadmin01','test.nitesdadmin01@email.com',NULL,'$2y$12$Gw9cKJI0edGLvmKnkhTlGuS1X9PIezjl8Pt0mCz1sowChIo7jRT5.',NULL,'2025-11-23 18:51:56','2025-11-23 18:51:56','ADMIN',14,0,'active',9),(31,'test.nitesdadmin02','test.nitesdadmin02@email.com',NULL,'$2y$12$hGE7PnhSzgEU09RA5gMx0.8y3jsPND.Pb76UxHxOrq8igaE6UJwLa',NULL,'2025-11-23 18:52:20','2025-11-23 18:52:20','ADMIN',14,0,'active',9),(32,'test.nitesdaed','test.nitesdaed@email.com',NULL,'$2y$12$ngmAnAZYMHKHg36s/fKmJ.TX2G2i/Z8o..kjtFIjT580cRCLAURvu',NULL,'2025-11-23 18:53:58','2025-11-23 18:53:58','AED',17,0,'active',9),(33,'test.nitesded','test.nitesded@email.com',NULL,'$2y$12$ljj50YKMacjC4Eu/FDhmPOWILMt0BJtY/gl0eYAZejUeF40VmXfvy',NULL,'2025-11-23 18:54:15','2025-11-23 18:54:15','ED',18,0,'active',9),(34,'test.ppddg','test.ppddg@email.com',NULL,'$2y$12$dk2.ssG.RacpoWTsmKoIT.yM.F4U86yCR9bCOqizE5tza22We83wO',NULL,'2025-11-24 21:33:38','2025-11-24 21:33:38','DDG',19,0,'active',6),(43,'minton diaz','minton.diaz005@gmail.com',NULL,'$2y$12$ke4CLdWoA7O7o9pD5Il06OfQ9Bx6F.nQU1preEL/bGIrjWTlj9hIu',NULL,'2026-01-20 02:39:36','2026-01-20 02:39:36','ADMIN',14,1,'active',65),(44,'notnimzaid','mintonpanotero@gmail.com',NULL,'$2y$12$PCC9j.e2z9Kh/lL2lesCw.I/CXJUbwwe5tIkKFnq3MTZzyLLMVTBi',NULL,'2026-01-20 02:40:05','2026-01-20 02:40:05','TESDS',15,1,'active',65),(45,'jan biktor','jvaramos@tesda.gov.ph',NULL,'$2y$12$jZKblusa6mhWlbp3VeYMs.hGQAXqymgU1Gpi3mXFrZYBFHqXfbNEC',NULL,'2026-01-20 02:42:53','2026-01-20 02:42:53','ADMIN',14,1,'active',6),(46,'diaznotnim','panoterominton@gmail.com',NULL,'$2y$12$xmoS5fOjR6BrJNjgRWEmF.gvUyxbvtgfxvBXpc3QpzxaKcUyC2/j2',NULL,'2026-01-20 03:39:55','2026-01-20 03:39:55','DDG',19,1,'active',65),(47,'Jennielyn C. Fuentes','jcfuentes@tesda.gov.ph',NULL,'$2y$12$Nk416YXnF7Nh7gcWYkWO5ecV97UfH19Pi6x2dhOExauUB4C2NUvPi','VIUuuVCASELzNVTTMMWsG14Cxjzrpr545e1s3fP8i4Z56JXqCG84pdAD0GZu','2026-01-22 02:05:41','2026-01-22 02:12:01','ADMIN',14,0,'active',6),(48,'Merry Beatrice C. Fuentes','mbcfuentes@tesda.gov.ph',NULL,'$2y$12$623J5gfZiNWI6iayg6cAW.U2EwXGLDlfq1rERa5xYqK7rDiSTLEQS',NULL,'2026-01-22 02:10:31','2026-01-22 02:10:31','ADMIN',14,0,'active',8);
/*!40000 ALTER TABLE `users` ENABLE KEYS */;
UNLOCK TABLES;

--
-- Dumping routines for database 'dmt_db'
--
/*!40103 SET TIME_ZONE=@OLD_TIME_ZONE */;

/*!40101 SET SQL_MODE=@OLD_SQL_MODE */;
/*!40014 SET FOREIGN_KEY_CHECKS=@OLD_FOREIGN_KEY_CHECKS */;
/*!40014 SET UNIQUE_CHECKS=@OLD_UNIQUE_CHECKS */;
/*!40101 SET CHARACTER_SET_CLIENT=@OLD_CHARACTER_SET_CLIENT */;
/*!40101 SET CHARACTER_SET_RESULTS=@OLD_CHARACTER_SET_RESULTS */;
/*!40101 SET COLLATION_CONNECTION=@OLD_COLLATION_CONNECTION */;
/*!40111 SET SQL_NOTES=@OLD_SQL_NOTES */;

-- Dump completed on 2026-01-22 13:33:28
