-- MySQL dump 10.13  Distrib 5.5.62, for Win64 (AMD64)
--
-- Host: localhost    Database: dmt_db
-- ------------------------------------------------------
-- Server version	5.5.5-10.4.24-MariaDB

/*!40101 SET @OLD_CHARACTER_SET_CLIENT=@@CHARACTER_SET_CLIENT */;
/*!40101 SET @OLD_CHARACTER_SET_RESULTS=@@CHARACTER_SET_RESULTS */;
/*!40101 SET @OLD_COLLATION_CONNECTION=@@COLLATION_CONNECTION */;
/*!40101 SET NAMES utf8 */;
/*!40103 SET @OLD_TIME_ZONE=@@TIME_ZONE */;
/*!40103 SET TIME_ZONE='+00:00' */;
/*!40014 SET @OLD_UNIQUE_CHECKS=@@UNIQUE_CHECKS, UNIQUE_CHECKS=0 */;
/*!40014 SET @OLD_FOREIGN_KEY_CHECKS=@@FOREIGN_KEY_CHECKS, FOREIGN_KEY_CHECKS=0 */;
/*!40101 SET @OLD_SQL_MODE=@@SQL_MODE, SQL_MODE='NO_AUTO_VALUE_ON_ZERO' */;
/*!40111 SET @OLD_SQL_NOTES=@@SQL_NOTES, SQL_NOTES=0 */;

--
-- Table structure for table `activities`
--

DROP TABLE IF EXISTS `activities`;
/*!40101 SET @saved_cs_client     = @@character_set_client */;
/*!40101 SET character_set_client = utf8 */;
CREATE TABLE `activities` (
  `id` bigint(20) unsigned NOT NULL AUTO_INCREMENT,
  `action` varchar(100) COLLATE utf8mb4_unicode_ci NOT NULL,
  `document_id` bigint(20) unsigned DEFAULT NULL,
  `office_id` text COLLATE utf8mb4_unicode_ci DEFAULT NULL,
  `final_approval` varchar(10) COLLATE utf8mb4_unicode_ci NOT NULL DEFAULT '0',
  `document_control_number` varchar(255) COLLATE utf8mb4_unicode_ci DEFAULT NULL,
  `user_id` bigint(20) unsigned DEFAULT NULL,
  `from_user_id` varchar(10) COLLATE utf8mb4_unicode_ci DEFAULT NULL,
  `routed_to` bigint(20) unsigned DEFAULT NULL,
  `to_external` varchar(10) COLLATE utf8mb4_unicode_ci NOT NULL DEFAULT '0',
  `final_remarks` text COLLATE utf8mb4_unicode_ci DEFAULT NULL,
  `created_at` timestamp NULL DEFAULT NULL,
  `updated_at` timestamp NULL DEFAULT NULL,
  PRIMARY KEY (`id`),
  KEY `activities_document_id_foreign` (`document_id`),
  KEY `activities_user_id_foreign` (`user_id`),
  CONSTRAINT `activities_document_id_foreign` FOREIGN KEY (`document_id`) REFERENCES `documents` (`document_id`) ON DELETE CASCADE,
  CONSTRAINT `activities_user_id_foreign` FOREIGN KEY (`user_id`) REFERENCES `users` (`id`) ON DELETE SET NULL
) ENGINE=InnoDB AUTO_INCREMENT=1590 DEFAULT CHARSET=utf8mb4 COLLATE=utf8mb4_unicode_ci;
/*!40101 SET character_set_client = @saved_cs_client */;

--
-- Dumping data for table `activities`
--

LOCK TABLES `activities` WRITE;
/*!40000 ALTER TABLE `activities` DISABLE KEYS */;
INSERT INTO `activities` VALUES (1339,'upload',174,NULL,'0','04012026-00001',22,'22',NULL,'0','asd','2026-01-04 14:30:50','2026-01-04 14:30:50'),(1340,'view',174,NULL,'0','04012026-00001',17,NULL,NULL,'0',NULL,'2026-01-04 14:31:02','2026-01-04 14:31:02'),(1341,'confirm',174,NULL,'0','04012026-00001',17,'22',NULL,'0',NULL,'2026-01-04 14:31:03','2026-01-04 14:31:03'),(1342,'view',174,NULL,'0','04012026-00001',22,NULL,NULL,'0',NULL,'2026-01-04 15:49:33','2026-01-04 15:49:33'),(1343,'view',174,NULL,'0','04012026-00001',22,NULL,NULL,'0',NULL,'2026-01-04 15:49:56','2026-01-04 15:49:56'),(1344,'view',174,NULL,'0','04012026-00001',22,NULL,NULL,'0',NULL,'2026-01-04 15:50:01','2026-01-04 15:50:01'),(1345,'view',174,NULL,'0','04012026-00001',22,NULL,NULL,'0',NULL,'2026-01-04 15:50:51','2026-01-04 15:50:51'),(1346,'view',174,NULL,'0','04012026-00001',17,NULL,NULL,'0',NULL,'2026-01-04 17:05:46','2026-01-04 17:05:46'),(1347,'view',174,NULL,'0','04012026-00001',17,NULL,NULL,'0',NULL,'2026-01-04 17:49:36','2026-01-04 17:49:36'),(1348,'view',174,NULL,'0','04012026-00001',17,NULL,NULL,'0',NULL,'2026-01-04 17:49:43','2026-01-04 17:49:43'),(1349,'route',174,NULL,'0','04012026-00001',17,'17',20,'1','For checking','2026-01-04 17:50:00','2026-01-04 17:50:00'),(1350,'view',174,NULL,'0','04012026-00001',20,NULL,NULL,'0',NULL,'2026-01-04 17:50:46','2026-01-04 17:50:46'),(1351,'approved',174,NULL,'0','04012026-00001',20,'20',NULL,'0','For final po maam ty!','2026-01-04 17:51:27','2026-01-04 17:51:27'),(1352,'view',174,NULL,'0','04012026-00001',34,NULL,NULL,'0',NULL,'2026-01-04 17:52:08','2026-01-04 17:52:08'),(1353,'approved',174,NULL,'1','04012026-00001',34,'34',NULL,'0','Ok na esign this deo ty','2026-01-04 17:52:19','2026-01-04 17:52:19'),(1354,'view',174,NULL,'0','04012026-00001',17,NULL,NULL,'0',NULL,'2026-01-04 17:53:34','2026-01-04 17:53:34'),(1355,'signed',174,NULL,'1','04012026-00001',17,'17',NULL,'1','E signed thanks','2026-01-04 17:54:05','2026-01-04 17:54:05'),(1356,'view',174,NULL,'0','04012026-00001',22,NULL,NULL,'0',NULL,'2026-01-04 17:54:47','2026-01-04 17:54:47'),(1357,'confirm',174,NULL,'0','04012026-00001',22,'22',NULL,'0',NULL,'2026-01-04 17:54:48','2026-01-04 17:54:48'),(1358,'view',174,NULL,'0','04012026-00001',17,NULL,NULL,'0',NULL,'2026-01-05 13:42:02','2026-01-05 13:42:02'),(1359,'view',174,NULL,'0','04012026-00001',17,NULL,NULL,'0',NULL,'2026-01-05 22:51:12','2026-01-05 22:51:12'),(1360,'upload',175,NULL,'0','06012026-00001',17,'17',NULL,'0','test3','2026-01-06 04:03:50','2026-01-06 04:03:50'),(1361,'view',175,NULL,'0','06012026-00001',17,NULL,NULL,'0',NULL,'2026-01-06 04:03:53','2026-01-06 04:03:53'),(1362,'view',175,NULL,'0','06012026-00001',17,NULL,NULL,'0',NULL,'2026-01-06 04:03:56','2026-01-06 04:03:56'),(1363,'view',175,NULL,'0','06012026-00001',17,NULL,NULL,'0',NULL,'2026-01-06 04:04:04','2026-01-06 04:04:04'),(1364,'view',175,NULL,'0','06012026-00001',17,NULL,NULL,'0',NULL,'2026-01-06 04:04:07','2026-01-06 04:04:07'),(1365,'view',174,NULL,'0','04012026-00001',17,NULL,NULL,'0',NULL,'2026-01-06 04:04:08','2026-01-06 04:04:08'),(1366,'view',175,NULL,'0','06012026-00001',17,NULL,NULL,'0',NULL,'2026-01-06 04:04:15','2026-01-06 04:04:15'),(1367,'upload',176,NULL,'0','06012026-00002',17,'17',NULL,'0','test5','2026-01-06 04:09:15','2026-01-06 04:09:15'),(1368,'view',176,NULL,'0','06012026-00002',17,NULL,NULL,'0',NULL,'2026-01-06 04:09:17','2026-01-06 04:09:17'),(1369,'upload',177,NULL,'0','06012026-00003',17,'17',NULL,'0','tes6','2026-01-06 04:11:08','2026-01-06 04:11:08'),(1370,'view',177,NULL,'0','06012026-00003',17,NULL,NULL,'0',NULL,'2026-01-06 04:11:10','2026-01-06 04:11:10'),(1371,'view',175,NULL,'0','06012026-00001',17,NULL,NULL,'0',NULL,'2026-01-06 04:35:08','2026-01-06 04:35:08'),(1372,'confirm',175,NULL,'0','06012026-00001',17,'17',NULL,'0',NULL,'2026-01-06 04:35:09','2026-01-06 04:35:09'),(1373,'view',176,NULL,'0','06012026-00002',17,NULL,NULL,'0',NULL,'2026-01-06 04:35:13','2026-01-06 04:35:13'),(1374,'confirm',176,NULL,'0','06012026-00002',17,'17',NULL,'0',NULL,'2026-01-06 04:35:14','2026-01-06 04:35:14'),(1375,'view',177,NULL,'0','06012026-00003',17,NULL,NULL,'0',NULL,'2026-01-06 04:35:16','2026-01-06 04:35:16'),(1376,'confirm',177,NULL,'0','06012026-00003',17,'17',NULL,'0',NULL,'2026-01-06 04:35:17','2026-01-06 04:35:17'),(1377,'view',175,NULL,'0','06012026-00001',17,NULL,NULL,'0',NULL,'2026-01-06 04:35:25','2026-01-06 04:35:25'),(1378,'route',175,NULL,'1','06012026-00001',17,'17',NULL,'1','asdasdasd','2026-01-06 04:35:39','2026-01-06 04:35:39'),(1379,'view',176,NULL,'0','06012026-00002',17,NULL,NULL,'0',NULL,'2026-01-06 04:40:02','2026-01-06 04:40:02'),(1380,'view',176,NULL,'0','06012026-00002',17,NULL,NULL,'0',NULL,'2026-01-06 04:40:32','2026-01-06 04:40:32'),(1381,'route',176,NULL,'1','06012026-00002',17,'17',NULL,'1','ghfchfc','2026-01-06 04:41:08','2026-01-06 04:41:08'),(1382,'view',177,NULL,'0','06012026-00003',17,NULL,NULL,'0',NULL,'2026-01-06 04:41:59','2026-01-06 04:41:59'),(1383,'signed',177,NULL,'1','06012026-00003',17,'17',NULL,'1','asdadasdas','2026-01-06 04:42:10','2026-01-06 04:42:10'),(1384,'view',174,NULL,'0','04012026-00001',17,NULL,NULL,'0',NULL,'2026-01-08 13:17:37','2026-01-08 13:17:37'),(1385,'upload',178,NULL,'0','08012026-00001',17,'17',NULL,'0','asdasd','2026-01-08 13:54:13','2026-01-08 13:54:13'),(1386,'view',178,NULL,'0','08012026-00001',17,NULL,NULL,'0',NULL,'2026-01-08 13:54:32','2026-01-08 13:54:32'),(1387,'upload',179,NULL,'0','08012026-00002',17,'17',NULL,'0','asdasd','2026-01-08 13:56:08','2026-01-08 13:56:08'),(1388,'view',179,NULL,'0','08012026-00002',17,NULL,NULL,'0',NULL,'2026-01-08 13:56:20','2026-01-08 13:56:20'),(1389,'view',174,NULL,'0','04012026-00001',17,NULL,NULL,'0',NULL,'2026-01-08 14:22:21','2026-01-08 14:22:21'),(1390,'view',174,NULL,'0','04012026-00001',17,NULL,NULL,'0',NULL,'2026-01-08 14:23:36','2026-01-08 14:23:36'),(1391,'view',178,NULL,'0','08012026-00001',17,NULL,NULL,'0',NULL,'2026-01-08 14:49:16','2026-01-08 14:49:16'),(1392,'view',179,NULL,'0','08012026-00002',17,NULL,NULL,'0',NULL,'2026-01-08 14:49:19','2026-01-08 14:49:19'),(1393,'view',178,NULL,'0','08012026-00001',17,NULL,NULL,'0',NULL,'2026-01-08 14:50:15','2026-01-08 14:50:15'),(1394,'view',178,NULL,'0','08012026-00001',17,NULL,NULL,'0',NULL,'2026-01-08 14:50:21','2026-01-08 14:50:21'),(1395,'view',179,NULL,'0','08012026-00002',17,NULL,NULL,'0',NULL,'2026-01-08 14:50:23','2026-01-08 14:50:23'),(1396,'view',179,NULL,'0','08012026-00002',17,NULL,NULL,'0',NULL,'2026-01-08 14:50:24','2026-01-08 14:50:24'),(1397,'view',178,NULL,'0','08012026-00001',17,NULL,NULL,'0',NULL,'2026-01-08 14:50:26','2026-01-08 14:50:26'),(1398,'view',178,NULL,'0','08012026-00001',17,NULL,NULL,'0',NULL,'2026-01-08 14:50:28','2026-01-08 14:50:28'),(1399,'view',179,NULL,'0','08012026-00002',17,NULL,NULL,'0',NULL,'2026-01-08 14:50:31','2026-01-08 14:50:31'),(1400,'view',178,NULL,'0','08012026-00001',17,NULL,NULL,'0',NULL,'2026-01-08 14:50:36','2026-01-08 14:50:36'),(1401,'view',179,NULL,'0','08012026-00002',17,NULL,NULL,'0',NULL,'2026-01-08 14:58:21','2026-01-08 14:58:21'),(1402,'view',178,NULL,'0','08012026-00001',17,NULL,NULL,'0',NULL,'2026-01-08 15:03:13','2026-01-08 15:03:13'),(1403,'view',178,NULL,'0','08012026-00001',17,NULL,NULL,'0',NULL,'2026-01-08 15:08:59','2026-01-08 15:08:59'),(1404,'view',178,NULL,'0','08012026-00001',17,NULL,NULL,'0',NULL,'2026-01-08 15:13:04','2026-01-08 15:13:04'),(1405,'view',179,NULL,'0','08012026-00002',17,NULL,NULL,'0',NULL,'2026-01-08 15:19:10','2026-01-08 15:19:10'),(1406,'view',178,NULL,'0','08012026-00001',17,NULL,NULL,'0',NULL,'2026-01-08 15:23:02','2026-01-08 15:23:02'),(1407,'view',178,NULL,'0','08012026-00001',17,NULL,NULL,'0',NULL,'2026-01-08 15:24:29','2026-01-08 15:24:29'),(1408,'view',178,NULL,'0','08012026-00001',17,NULL,NULL,'0',NULL,'2026-01-08 15:24:32','2026-01-08 15:24:32'),(1409,'view',179,NULL,'0','08012026-00002',17,NULL,NULL,'0',NULL,'2026-01-08 15:35:26','2026-01-08 15:35:26'),(1410,'view',176,NULL,'0','06012026-00002',17,NULL,NULL,'0',NULL,'2026-01-08 15:57:46','2026-01-08 15:57:46'),(1411,'view',178,NULL,'0','08012026-00001',17,NULL,NULL,'0',NULL,'2026-01-08 15:57:48','2026-01-08 15:57:48'),(1412,'view',179,NULL,'0','08012026-00002',17,NULL,NULL,'0',NULL,'2026-01-08 15:57:50','2026-01-08 15:57:50'),(1413,'view',179,NULL,'0','08012026-00002',17,NULL,NULL,'0',NULL,'2026-01-15 13:28:38','2026-01-15 13:28:38'),(1414,'view',174,NULL,'0','04012026-00001',17,NULL,NULL,'0',NULL,'2026-01-15 13:28:40','2026-01-15 13:28:40'),(1415,'view',179,NULL,'0','08012026-00002',17,NULL,NULL,'0',NULL,'2026-01-15 13:28:41','2026-01-15 13:28:41'),(1416,'confirm',179,NULL,'0','08012026-00002',17,'17',NULL,'0',NULL,'2026-01-15 13:28:44','2026-01-15 13:28:44'),(1417,'view',174,NULL,'0','04012026-00001',22,NULL,NULL,'0',NULL,'2026-01-15 13:29:17','2026-01-15 13:29:17'),(1418,'upload',180,NULL,'0','15012026-00001',22,'22',NULL,'0','test','2026-01-15 13:29:41','2026-01-15 13:29:41'),(1419,'view',180,NULL,'0','15012026-00001',17,NULL,NULL,'0',NULL,'2026-01-15 13:30:03','2026-01-15 13:30:03'),(1420,'view',180,NULL,'0','15012026-00001',17,NULL,NULL,'0',NULL,'2026-01-15 13:30:09','2026-01-15 13:30:09'),(1421,'confirm',180,NULL,'0','15012026-00001',17,'22',NULL,'0',NULL,'2026-01-15 13:30:10','2026-01-15 13:30:10'),(1422,'view',180,NULL,'0','15012026-00001',17,NULL,NULL,'0',NULL,'2026-01-15 13:31:03','2026-01-15 13:31:03'),(1423,'view',180,NULL,'0','15012026-00001',17,NULL,NULL,'0',NULL,'2026-01-15 13:31:07','2026-01-15 13:31:07'),(1424,'view',180,NULL,'0','15012026-00001',17,NULL,NULL,'0',NULL,'2026-01-15 13:31:12','2026-01-15 13:31:12'),(1425,'upload',181,NULL,'0','15012026-00002',22,'22',NULL,'0','test','2026-01-15 13:41:44','2026-01-15 13:41:44'),(1426,'view',181,NULL,'0','15012026-00002',17,NULL,NULL,'0',NULL,'2026-01-15 13:41:59','2026-01-15 13:41:59'),(1427,'view',181,NULL,'0','15012026-00002',17,NULL,NULL,'0',NULL,'2026-01-15 13:54:56','2026-01-15 13:54:56'),(1428,'view',181,NULL,'0','15012026-00002',17,NULL,NULL,'0',NULL,'2026-01-15 14:14:30','2026-01-15 14:14:30'),(1429,'view',181,NULL,'0','15012026-00002',17,NULL,NULL,'0',NULL,'2026-01-15 14:14:33','2026-01-15 14:14:33'),(1430,'view',181,NULL,'0','15012026-00002',17,NULL,NULL,'0',NULL,'2026-01-15 14:15:13','2026-01-15 14:15:13'),(1431,'confirm',181,NULL,'0','15012026-00002',17,'22',NULL,'0',NULL,'2026-01-15 14:15:21','2026-01-15 14:15:21'),(1432,'upload',182,NULL,'0','15012026-00003',22,'22',NULL,'0','test123','2026-01-15 14:15:55','2026-01-15 14:15:55'),(1433,'view',182,NULL,'0','15012026-00003',17,NULL,NULL,'0',NULL,'2026-01-15 14:16:29','2026-01-15 14:16:29'),(1434,'view',182,NULL,'0','15012026-00003',17,NULL,NULL,'0',NULL,'2026-01-15 14:16:38','2026-01-15 14:16:38'),(1435,'confirm',182,NULL,'0','15012026-00003',17,'22',NULL,'0',NULL,'2026-01-15 14:16:40','2026-01-15 14:16:40'),(1436,'view',182,NULL,'0','15012026-00003',17,NULL,NULL,'0',NULL,'2026-01-15 14:17:50','2026-01-15 14:17:50'),(1437,'confirm',182,NULL,'0','15012026-00003',17,'22',NULL,'0',NULL,'2026-01-15 14:17:51','2026-01-15 14:17:51'),(1438,'upload',183,NULL,'0','15012026-00004',22,'22',NULL,'0','asdasd','2026-01-15 14:21:26','2026-01-15 14:21:26'),(1439,'view',183,NULL,'0','15012026-00004',17,NULL,NULL,'0',NULL,'2026-01-15 14:21:44','2026-01-15 14:21:44'),(1440,'confirm',183,NULL,'0','15012026-00004',17,'22',NULL,'0',NULL,'2026-01-15 14:21:45','2026-01-15 14:21:45'),(1441,'upload',184,NULL,'0','15012026-00005',22,'22',NULL,'0','test','2026-01-15 14:33:39','2026-01-15 14:33:39'),(1442,'view',184,NULL,'0','15012026-00005',17,NULL,NULL,'0',NULL,'2026-01-15 14:34:01','2026-01-15 14:34:01'),(1443,'confirm',184,NULL,'0','15012026-00005',17,'22',NULL,'0',NULL,'2026-01-15 14:34:02','2026-01-15 14:34:02'),(1444,'view',184,NULL,'0','15012026-00005',17,NULL,NULL,'0',NULL,'2026-01-15 14:34:18','2026-01-15 14:34:18'),(1445,'view',184,NULL,'0','15012026-00005',17,NULL,NULL,'0',NULL,'2026-01-15 14:34:19','2026-01-15 14:34:19'),(1446,'confirm',184,NULL,'0','15012026-00005',17,'22',NULL,'0',NULL,'2026-01-15 14:34:20','2026-01-15 14:34:20'),(1447,'view',184,NULL,'0','15012026-00005',17,NULL,NULL,'0',NULL,'2026-01-15 14:34:22','2026-01-15 14:34:22'),(1448,'confirm',184,NULL,'0','15012026-00005',17,'22',NULL,'0',NULL,'2026-01-15 14:34:22','2026-01-15 14:34:22'),(1449,'view',184,NULL,'0','15012026-00005',17,NULL,NULL,'0',NULL,'2026-01-15 14:34:25','2026-01-15 14:34:25'),(1450,'confirm',184,NULL,'0','15012026-00005',17,'22',NULL,'0',NULL,'2026-01-15 14:34:26','2026-01-15 14:34:26'),(1451,'view',184,NULL,'0','15012026-00005',17,NULL,NULL,'0',NULL,'2026-01-15 14:34:38','2026-01-15 14:34:38'),(1452,'confirm',184,NULL,'0','15012026-00005',17,'22',NULL,'0',NULL,'2026-01-15 14:34:44','2026-01-15 14:34:44'),(1453,'upload',185,NULL,'0','15012026-00006',22,'22',NULL,'0','asddsads','2026-01-15 14:37:58','2026-01-15 14:37:58'),(1454,'view',185,NULL,'0','15012026-00006',17,NULL,NULL,'0',NULL,'2026-01-15 14:38:18','2026-01-15 14:38:18'),(1455,'confirm',185,NULL,'0','15012026-00006',17,'22',NULL,'0',NULL,'2026-01-15 14:38:19','2026-01-15 14:38:19'),(1456,'view',185,NULL,'0','15012026-00006',17,NULL,NULL,'0',NULL,'2026-01-15 14:38:31','2026-01-15 14:38:31'),(1457,'upload',186,NULL,'0','15012026-00007',22,'22',NULL,'0','vvvv','2026-01-15 15:18:06','2026-01-15 15:18:06'),(1458,'view',185,NULL,'0','15012026-00006',17,NULL,NULL,'0',NULL,'2026-01-15 15:19:20','2026-01-15 15:19:20'),(1459,'view',186,NULL,'0','15012026-00007',17,NULL,NULL,'0',NULL,'2026-01-15 15:19:22','2026-01-15 15:19:22'),(1460,'confirm',186,NULL,'0','15012026-00007',17,'22',NULL,'0',NULL,'2026-01-15 15:19:23','2026-01-15 15:19:23'),(1461,'view',186,NULL,'0','15012026-00007',17,NULL,NULL,'0',NULL,'2026-01-15 15:20:43','2026-01-15 15:20:43'),(1462,'confirm',186,NULL,'0','15012026-00007',17,'22',NULL,'0',NULL,'2026-01-15 15:20:44','2026-01-15 15:20:44'),(1463,'view',186,NULL,'0','15012026-00007',17,NULL,NULL,'0',NULL,'2026-01-15 15:20:57','2026-01-15 15:20:57'),(1464,'confirm',186,NULL,'0','15012026-00007',17,'22',NULL,'0',NULL,'2026-01-15 15:20:58','2026-01-15 15:20:58'),(1465,'view',186,NULL,'0','15012026-00007',17,NULL,NULL,'0',NULL,'2026-01-15 15:21:07','2026-01-15 15:21:07'),(1466,'confirm',186,NULL,'0','15012026-00007',17,'22',NULL,'0',NULL,'2026-01-15 15:21:08','2026-01-15 15:21:08'),(1467,'view',186,NULL,'0','15012026-00007',17,NULL,NULL,'0',NULL,'2026-01-15 15:21:11','2026-01-15 15:21:11'),(1468,'confirm',186,NULL,'0','15012026-00007',17,'22',NULL,'0',NULL,'2026-01-15 15:21:12','2026-01-15 15:21:12'),(1469,'upload',187,NULL,'0','15012026-00008',22,'22',NULL,'0','dddd','2026-01-15 15:22:20','2026-01-15 15:22:20'),(1470,'view',187,NULL,'0','15012026-00008',17,NULL,NULL,'0',NULL,'2026-01-15 15:22:39','2026-01-15 15:22:39'),(1471,'confirm',187,NULL,'0','15012026-00008',17,'22',NULL,'0',NULL,'2026-01-15 15:22:41','2026-01-15 15:22:41'),(1472,'upload',188,NULL,'0','15012026-00009',22,'22',NULL,'0','test','2026-01-15 15:26:25','2026-01-15 15:26:25'),(1473,'view',188,NULL,'0','15012026-00009',17,NULL,NULL,'0',NULL,'2026-01-15 15:26:33','2026-01-15 15:26:33'),(1474,'confirm',188,NULL,'0','15012026-00009',17,'22',NULL,'0',NULL,'2026-01-15 15:26:34','2026-01-15 15:26:34'),(1475,'upload',189,NULL,'0','15012026-00010',22,'22',NULL,'0','asdad','2026-01-15 15:31:12','2026-01-15 15:31:12'),(1476,'view',189,NULL,'0','15012026-00010',17,NULL,NULL,'0',NULL,'2026-01-15 15:31:26','2026-01-15 15:31:26'),(1477,'view',189,NULL,'0','15012026-00010',17,NULL,NULL,'0',NULL,'2026-01-15 15:31:32','2026-01-15 15:31:32'),(1478,'confirm',189,NULL,'0','15012026-00010',17,'22',NULL,'0',NULL,'2026-01-15 15:31:37','2026-01-15 15:31:37'),(1479,'view',189,NULL,'0','15012026-00010',17,NULL,NULL,'0',NULL,'2026-01-15 15:38:41','2026-01-15 15:38:41'),(1480,'route',189,NULL,'0','15012026-00010',17,'17',19,'1','asdadsad','2026-01-15 15:38:50','2026-01-15 15:38:50'),(1481,'route',189,NULL,'0','15012026-00010',17,'17',19,'1','asdadsad','2026-01-15 15:38:51','2026-01-15 15:38:51'),(1482,'route',189,NULL,'0','15012026-00010',17,'17',19,'1','asdadsad','2026-01-15 15:38:52','2026-01-15 15:38:52'),(1483,'view',188,NULL,'0','15012026-00009',17,NULL,NULL,'0',NULL,'2026-01-15 15:39:30','2026-01-15 15:39:30'),(1484,'route',188,NULL,'0','15012026-00009',17,'17',19,'1','asdasdas','2026-01-15 15:39:38','2026-01-15 15:39:38'),(1485,'view',187,NULL,'0','15012026-00008',17,NULL,NULL,'0',NULL,'2026-01-15 15:51:59','2026-01-15 15:51:59'),(1486,'view',188,NULL,'0','15012026-00009',17,NULL,NULL,'0',NULL,'2026-01-15 15:52:06','2026-01-15 15:52:06'),(1487,'view',189,NULL,'0','15012026-00010',17,NULL,NULL,'0',NULL,'2026-01-15 15:52:08','2026-01-15 15:52:08'),(1488,'view',187,NULL,'0','15012026-00008',17,NULL,NULL,'0',NULL,'2026-01-15 15:52:12','2026-01-15 15:52:12'),(1489,'view',183,NULL,'0','15012026-00004',17,NULL,NULL,'0',NULL,'2026-01-15 15:52:14','2026-01-15 15:52:14'),(1490,'view',188,NULL,'0','15012026-00009',17,NULL,NULL,'0',NULL,'2026-01-15 15:52:17','2026-01-15 15:52:17'),(1491,'view',188,NULL,'0','15012026-00009',17,NULL,NULL,'0',NULL,'2026-01-15 15:52:21','2026-01-15 15:52:21'),(1492,'view',189,NULL,'0','15012026-00010',17,NULL,NULL,'0',NULL,'2026-01-15 15:52:51','2026-01-15 15:52:51'),(1493,'view',188,NULL,'0','15012026-00009',17,NULL,NULL,'0',NULL,'2026-01-15 15:53:11','2026-01-15 15:53:11'),(1494,'view',189,NULL,'0','15012026-00010',17,NULL,NULL,'0',NULL,'2026-01-15 15:53:14','2026-01-15 15:53:14'),(1495,'view',188,NULL,'0','15012026-00009',17,NULL,NULL,'0',NULL,'2026-01-15 15:53:24','2026-01-15 15:53:24'),(1496,'view',178,NULL,'0','08012026-00001',17,NULL,NULL,'0',NULL,'2026-01-15 15:53:47','2026-01-15 15:53:47'),(1497,'view',174,NULL,'0','04012026-00001',17,NULL,NULL,'0',NULL,'2026-01-15 15:53:49','2026-01-15 15:53:49'),(1498,'view',187,NULL,'0','15012026-00008',17,NULL,NULL,'0',NULL,'2026-01-15 15:53:59','2026-01-15 15:53:59'),(1499,'view',188,NULL,'0','15012026-00009',17,NULL,NULL,'0',NULL,'2026-01-15 15:54:02','2026-01-15 15:54:02'),(1500,'view',189,NULL,'0','15012026-00010',17,NULL,NULL,'0',NULL,'2026-01-15 15:54:04','2026-01-15 15:54:04'),(1501,'upload',190,NULL,'0','16012026-00001',22,'22',NULL,'0','test','2026-01-15 21:56:31','2026-01-15 21:56:31'),(1502,'view',190,NULL,'0','16012026-00001',17,NULL,NULL,'0',NULL,'2026-01-15 21:56:39','2026-01-15 21:56:39'),(1503,'confirm',190,NULL,'0','16012026-00001',17,'22',NULL,'0',NULL,'2026-01-15 21:56:40','2026-01-15 21:56:40'),(1504,'view',190,NULL,'0','16012026-00001',17,NULL,NULL,'0',NULL,'2026-01-15 21:56:43','2026-01-15 21:56:43'),(1505,'view',190,NULL,'0','16012026-00001',17,NULL,NULL,'0',NULL,'2026-01-15 21:56:46','2026-01-15 21:56:46'),(1506,'view',190,NULL,'0','16012026-00001',17,NULL,NULL,'0',NULL,'2026-01-15 22:09:18','2026-01-15 22:09:18'),(1507,'route',190,NULL,'0','16012026-00001',17,'17',19,'1','asdadsa','2026-01-15 22:09:35','2026-01-15 22:09:35'),(1508,'route',190,NULL,'0','16012026-00001',17,'17',19,'1','asdadsa','2026-01-15 22:09:40','2026-01-15 22:09:40'),(1509,'route',190,NULL,'0','16012026-00001',17,'17',19,'1','asdadsa','2026-01-15 22:09:42','2026-01-15 22:09:42'),(1510,'route',190,NULL,'0','16012026-00001',17,'17',19,'1','asdadsa','2026-01-15 22:09:43','2026-01-15 22:09:43'),(1511,'view',187,NULL,'0','15012026-00008',17,NULL,NULL,'0',NULL,'2026-01-15 22:12:29','2026-01-15 22:12:29'),(1512,'route',187,NULL,'0','15012026-00008',17,'17',19,'1','asdadasdsa','2026-01-15 22:12:35','2026-01-15 22:12:35'),(1513,'view',186,NULL,'0','15012026-00007',17,NULL,NULL,'0',NULL,'2026-01-15 22:12:52','2026-01-15 22:12:52'),(1514,'route',186,NULL,'0','15012026-00007',17,'17',19,'1','asdadasdad','2026-01-15 22:13:02','2026-01-15 22:13:02'),(1515,'view',185,NULL,'0','15012026-00006',17,NULL,NULL,'0',NULL,'2026-01-15 22:13:34','2026-01-15 22:13:34'),(1516,'route',185,NULL,'0','15012026-00006',17,'17',19,'1','asdasdadas','2026-01-15 22:13:41','2026-01-15 22:13:41'),(1517,'upload',191,NULL,'0','16012026-00002',22,'22',NULL,'0','asddasasdads','2026-01-15 22:16:15','2026-01-15 22:16:15'),(1518,'upload',192,NULL,'0','16012026-00003',22,'22',NULL,'0','asdadsads','2026-01-15 22:17:55','2026-01-15 22:17:55'),(1519,'upload',193,NULL,'0','16012026-00004',22,'22',NULL,'0','asdassdasd','2026-01-15 22:18:29','2026-01-15 22:18:29'),(1520,'view',193,NULL,'0','16012026-00004',17,NULL,NULL,'0',NULL,'2026-01-15 22:18:34','2026-01-15 22:18:34'),(1521,'confirm',193,NULL,'0','16012026-00004',17,'22',NULL,'0',NULL,'2026-01-15 22:18:35','2026-01-15 22:18:35'),(1522,'view',192,NULL,'0','16012026-00003',17,NULL,NULL,'0',NULL,'2026-01-15 22:18:37','2026-01-15 22:18:37'),(1523,'confirm',192,NULL,'0','16012026-00003',17,'22',NULL,'0',NULL,'2026-01-15 22:18:37','2026-01-15 22:18:37'),(1524,'view',192,NULL,'0','16012026-00003',17,NULL,NULL,'0',NULL,'2026-01-15 22:20:00','2026-01-15 22:20:00'),(1525,'view',191,NULL,'0','16012026-00002',17,NULL,NULL,'0',NULL,'2026-01-15 22:20:05','2026-01-15 22:20:05'),(1526,'confirm',191,NULL,'0','16012026-00002',17,'22',NULL,'0',NULL,'2026-01-15 22:20:06','2026-01-15 22:20:06'),(1527,'upload',194,NULL,'0','16012026-00005',22,'22',NULL,'0','asdasdads','2026-01-15 22:20:24','2026-01-15 22:20:24'),(1528,'upload',195,NULL,'0','16012026-00006',22,'22',NULL,'0','asdadsadsads','2026-01-15 22:20:44','2026-01-15 22:20:44'),(1529,'view',194,NULL,'0','16012026-00005',17,NULL,NULL,'0',NULL,'2026-01-15 22:20:48','2026-01-15 22:20:48'),(1530,'confirm',194,NULL,'0','16012026-00005',17,'22',NULL,'0',NULL,'2026-01-15 22:20:49','2026-01-15 22:20:49'),(1531,'view',194,NULL,'0','16012026-00005',17,NULL,NULL,'0',NULL,'2026-01-15 22:20:55','2026-01-15 22:20:55'),(1532,'route',194,NULL,'0','16012026-00005',17,'17',19,'1','asdadsada','2026-01-15 22:21:01','2026-01-15 22:21:01'),(1533,'route',194,NULL,'0','16012026-00005',17,'17',19,'1','asdadsada','2026-01-15 22:21:02','2026-01-15 22:21:02'),(1534,'view',195,NULL,'0','16012026-00006',17,NULL,NULL,'0',NULL,'2026-01-15 22:24:01','2026-01-15 22:24:01'),(1535,'confirm',195,NULL,'0','16012026-00006',17,'22',NULL,'0',NULL,'2026-01-15 22:24:02','2026-01-15 22:24:02'),(1536,'route',195,NULL,'0','16012026-00006',17,'17',19,'1','asdasdasdadas','2026-01-15 22:24:10','2026-01-15 22:24:10'),(1537,'view',191,NULL,'0','16012026-00002',17,NULL,NULL,'0',NULL,'2026-01-15 22:28:10','2026-01-15 22:28:10'),(1538,'route',191,NULL,'0','16012026-00002',17,'17',19,'1','asdadaasddsa','2026-01-15 22:28:18','2026-01-15 22:28:18'),(1539,'view',192,NULL,'0','16012026-00003',17,NULL,NULL,'0',NULL,'2026-01-15 22:28:24','2026-01-15 22:28:24'),(1540,'route',192,NULL,'0','16012026-00003',17,'17',19,'1','asdasdasdasads','2026-01-15 22:28:31','2026-01-15 22:28:31'),(1541,'view',195,NULL,'0','16012026-00006',17,NULL,NULL,'0',NULL,'2026-01-15 22:28:57','2026-01-15 22:28:57'),(1542,'view',195,NULL,'0','16012026-00006',17,NULL,NULL,'0',NULL,'2026-01-15 22:29:12','2026-01-15 22:29:12'),(1543,'view',185,NULL,'0','15012026-00006',17,NULL,NULL,'0',NULL,'2026-01-15 22:29:14','2026-01-15 22:29:14'),(1544,'view',192,NULL,'0','16012026-00003',17,NULL,NULL,'0',NULL,'2026-01-15 22:50:37','2026-01-15 22:50:37'),(1545,'view',193,NULL,'0','16012026-00004',17,NULL,NULL,'0',NULL,'2026-01-15 22:50:46','2026-01-15 22:50:46'),(1546,'view',192,NULL,'0','16012026-00003',17,NULL,NULL,'0',NULL,'2026-01-15 22:51:09','2026-01-15 22:51:09'),(1547,'view',192,NULL,'0','16012026-00003',17,NULL,NULL,'0',NULL,'2026-01-15 22:52:04','2026-01-15 22:52:04'),(1548,'view',193,NULL,'0','16012026-00004',17,NULL,NULL,'0',NULL,'2026-01-15 23:01:29','2026-01-15 23:01:29'),(1549,'view',193,NULL,'0','16012026-00004',17,NULL,NULL,'0',NULL,'2026-01-15 23:01:42','2026-01-15 23:01:42'),(1550,'view',193,NULL,'0','16012026-00004',17,NULL,NULL,'0',NULL,'2026-01-15 23:02:46','2026-01-15 23:02:46'),(1551,'view',193,NULL,'0','16012026-00004',17,NULL,NULL,'0',NULL,'2026-01-15 23:02:49','2026-01-15 23:02:49'),(1552,'view',185,NULL,'0','15012026-00006',17,NULL,NULL,'0',NULL,'2026-01-15 23:03:02','2026-01-15 23:03:02'),(1553,'view',194,NULL,'0','16012026-00005',17,NULL,NULL,'0',NULL,'2026-01-15 23:03:06','2026-01-15 23:03:06'),(1554,'view',193,NULL,'0','16012026-00004',17,NULL,NULL,'0',NULL,'2026-01-15 23:53:47','2026-01-15 23:53:47'),(1555,'view',193,NULL,'0','16012026-00004',17,NULL,NULL,'0',NULL,'2026-01-15 23:54:05','2026-01-15 23:54:05'),(1556,'view',185,NULL,'0','15012026-00006',17,NULL,NULL,'0',NULL,'2026-01-16 00:12:09','2026-01-16 00:12:09'),(1557,'view',193,NULL,'0','16012026-00004',17,NULL,NULL,'0',NULL,'2026-01-16 00:18:36','2026-01-16 00:18:36'),(1558,'view',192,NULL,'0','16012026-00003',17,NULL,NULL,'0',NULL,'2026-01-16 00:18:51','2026-01-16 00:18:51'),(1559,'view',179,NULL,'0','08012026-00002',17,NULL,NULL,'0',NULL,'2026-01-16 00:19:01','2026-01-16 00:19:01'),(1560,'view',185,NULL,'0','15012026-00006',17,NULL,NULL,'0',NULL,'2026-01-16 00:19:35','2026-01-16 00:19:35'),(1561,'view',192,NULL,'0','16012026-00003',19,NULL,NULL,'0',NULL,'2026-01-16 00:20:06','2026-01-16 00:20:06'),(1562,'approved',192,NULL,'0','16012026-00003',19,'19',NULL,'0','asdas','2026-01-16 00:20:12','2026-01-16 00:20:12'),(1563,'view',192,NULL,'0','16012026-00003',19,NULL,NULL,'0',NULL,'2026-01-16 00:20:17','2026-01-16 00:20:17'),(1564,'view',191,NULL,'0','16012026-00002',19,NULL,NULL,'0',NULL,'2026-01-16 00:24:37','2026-01-16 00:24:37'),(1565,'view',191,NULL,'0','16012026-00002',19,NULL,NULL,'0',NULL,'2026-01-16 00:25:31','2026-01-16 00:25:31'),(1566,'view',191,NULL,'0','16012026-00002',19,NULL,NULL,'0',NULL,'2026-01-16 00:28:10','2026-01-16 00:28:10'),(1567,'view',191,NULL,'0','16012026-00002',19,NULL,NULL,'0',NULL,'2026-01-16 00:30:30','2026-01-16 00:30:30'),(1568,'view',193,NULL,'0','16012026-00004',17,NULL,NULL,'0',NULL,'2026-01-18 01:46:14','2026-01-18 01:46:14'),(1569,'route',193,NULL,'0','16012026-00004',17,'17',19,'1','asdadasdasdasd','2026-01-18 01:46:41','2026-01-18 01:46:41'),(1570,'view',193,NULL,'0','16012026-00004',17,NULL,NULL,'0',NULL,'2026-01-18 01:46:45','2026-01-18 01:46:45'),(1571,'view',193,NULL,'0','16012026-00004',19,NULL,NULL,'0',NULL,'2026-01-18 01:47:21','2026-01-18 01:47:21'),(1572,'approved',193,NULL,'0','16012026-00004',19,'19',NULL,'0','final approval po','2026-01-18 01:48:06','2026-01-18 01:48:06'),(1573,'view',193,NULL,'0','16012026-00004',34,NULL,NULL,'0',NULL,'2026-01-18 01:48:23','2026-01-18 01:48:23'),(1574,'view',193,NULL,'0','16012026-00004',34,NULL,NULL,'0',NULL,'2026-01-18 01:48:26','2026-01-18 01:48:26'),(1575,'view',186,NULL,'0','15012026-00007',34,NULL,NULL,'0',NULL,'2026-01-18 01:48:50','2026-01-18 01:48:50'),(1576,'upload',196,NULL,'0','19012026-00001',22,'22',NULL,'0','testing','2026-01-18 21:49:03','2026-01-18 21:49:03'),(1577,'view',196,NULL,'0','19012026-00001',22,NULL,NULL,'0',NULL,'2026-01-18 21:50:05','2026-01-18 21:50:05'),(1578,'view',196,NULL,'0','19012026-00001',22,NULL,NULL,'0',NULL,'2026-01-18 21:50:17','2026-01-18 21:50:17'),(1579,'upload',197,'ODDG-PP','0','24012026-00001',17,'17',NULL,'0','!@#','2026-01-24 02:23:24','2026-01-24 02:23:24'),(1580,'view',197,NULL,'0','24012026-00001',17,NULL,NULL,'0',NULL,'2026-01-24 02:23:29','2026-01-24 02:23:29'),(1581,'view',196,NULL,'0','19012026-00001',17,NULL,NULL,'0',NULL,'2026-01-24 02:28:37','2026-01-24 02:28:37'),(1582,'confirm',196,'ODDG-PP','0','19012026-00001',17,'22',NULL,'0',NULL,'2026-01-24 02:28:45','2026-01-24 02:28:45'),(1583,'route',196,'ODDG-PP','0','19012026-00001',17,'17',NULL,'1','123','2026-01-24 02:29:50','2026-01-24 02:29:50'),(1584,'view',184,NULL,'0','15012026-00005',17,NULL,NULL,'0',NULL,'2026-01-24 02:29:54','2026-01-24 02:29:54'),(1585,'route',184,'ODDG-PP','0','15012026-00005',17,'17',21,'1','3123asae2','2026-01-24 02:30:19','2026-01-24 02:30:19'),(1586,'view',192,NULL,'0','16012026-00003',21,NULL,NULL,'0',NULL,'2026-01-24 02:30:58','2026-01-24 02:30:58'),(1587,'view',184,NULL,'0','15012026-00005',21,NULL,NULL,'0',NULL,'2026-01-24 02:31:00','2026-01-24 02:31:00'),(1588,'approved',184,NULL,'0','15012026-00005',21,'21',NULL,'0','for approval41231','2026-01-24 02:31:31','2026-01-24 02:31:31'),(1589,'view',184,NULL,'0','15012026-00005',21,NULL,NULL,'0',NULL,'2026-01-24 02:31:43','2026-01-24 02:31:43');
/*!40000 ALTER TABLE `activities` ENABLE KEYS */;
UNLOCK TABLES;

--
-- Table structure for table `approval_table`
--

DROP TABLE IF EXISTS `approval_table`;
/*!40101 SET @saved_cs_client     = @@character_set_client */;
/*!40101 SET character_set_client = utf8 */;
CREATE TABLE `approval_table` (
  `id` bigint(20) unsigned NOT NULL AUTO_INCREMENT,
  `document_id` bigint(20) unsigned NOT NULL,
  `user_id` bigint(20) unsigned NOT NULL,
  `from_user` int(11) NOT NULL DEFAULT 0,
  `approval_type` varchar(100) COLLATE utf8mb4_unicode_ci NOT NULL,
  `remarks` varchar(1000) COLLATE utf8mb4_unicode_ci DEFAULT NULL,
  `status` int(11) NOT NULL DEFAULT 0,
  `created_at` timestamp NULL DEFAULT NULL,
  `updated_at` timestamp NULL DEFAULT NULL,
  PRIMARY KEY (`id`),
  KEY `approval_table_document_id_foreign` (`document_id`),
  CONSTRAINT `approval_table_document_id_foreign` FOREIGN KEY (`document_id`) REFERENCES `documents` (`document_id`) ON DELETE CASCADE ON UPDATE CASCADE
) ENGINE=InnoDB AUTO_INCREMENT=76 DEFAULT CHARSET=utf8mb4 COLLATE=utf8mb4_unicode_ci;
/*!40101 SET character_set_client = @saved_cs_client */;

--
-- Dumping data for table `approval_table`
--

LOCK TABLES `approval_table` WRITE;
/*!40000 ALTER TABLE `approval_table` DISABLE KEYS */;
INSERT INTO `approval_table` VALUES (53,174,20,0,'pre-approval',NULL,1,'2026-01-04 17:50:00','2026-01-04 17:51:27'),(54,174,34,0,'final-approval',NULL,1,'2026-01-04 17:51:27','2026-01-04 17:52:19'),(55,189,19,0,'pre-approval','asdadsad',0,'2026-01-15 15:38:50','2026-01-15 15:38:50'),(56,189,19,0,'pre-approval','asdadsad',0,'2026-01-15 15:38:51','2026-01-15 15:38:51'),(57,189,19,0,'pre-approval','asdadsad',0,'2026-01-15 15:38:52','2026-01-15 15:38:52'),(58,188,19,0,'pre-approval','asdasdas',0,'2026-01-15 15:39:38','2026-01-15 15:39:38'),(59,190,19,0,'pre-approval','asdadsa',0,'2026-01-15 22:09:35','2026-01-15 22:09:35'),(60,190,19,0,'pre-approval','asdadsa',0,'2026-01-15 22:09:40','2026-01-15 22:09:40'),(61,190,19,0,'pre-approval','asdadsa',0,'2026-01-15 22:09:42','2026-01-15 22:09:42'),(62,190,19,0,'pre-approval','asdadsa',0,'2026-01-15 22:09:43','2026-01-15 22:09:43'),(63,187,19,0,'pre-approval','asdadasdsa',0,'2026-01-15 22:12:35','2026-01-15 22:12:35'),(64,186,19,0,'pre-approval','asdadasdad',0,'2026-01-15 22:13:02','2026-01-15 22:13:02'),(65,185,19,0,'pre-approval','asdasdadas',0,'2026-01-15 22:13:41','2026-01-15 22:13:41'),(66,194,19,0,'pre-approval','asdadsada',0,'2026-01-15 22:21:01','2026-01-15 22:21:01'),(67,194,19,0,'pre-approval','asdadsada',0,'2026-01-15 22:21:02','2026-01-15 22:21:02'),(68,195,19,0,'pre-approval','asdasdasdadas',0,'2026-01-15 22:24:10','2026-01-15 22:24:10'),(69,191,19,0,'pre-approval','asdadaasddsa',0,'2026-01-15 22:28:18','2026-01-15 22:28:18'),(70,192,19,0,'pre-approval','asdasdasdasads',1,'2026-01-15 22:28:31','2026-01-16 00:20:12'),(71,192,20,19,'pre-approval','asdas',0,'2026-01-16 00:20:12','2026-01-16 00:20:12'),(72,193,19,0,'pre-approval','asdadasdasdasd',1,'2026-01-18 01:46:41','2026-01-18 01:48:06'),(73,193,34,19,'final-approval','final approval po',0,'2026-01-18 01:48:06','2026-01-18 01:48:06'),(74,184,21,0,'pre-approval','3123asae2',1,'2026-01-24 02:30:19','2026-01-24 02:31:31'),(75,184,34,21,'final-approval','for approval41231',0,'2026-01-24 02:31:26','2026-01-24 02:31:26');
/*!40000 ALTER TABLE `approval_table` ENABLE KEYS */;
UNLOCK TABLES;

--
-- Table structure for table `document_types`
--

DROP TABLE IF EXISTS `document_types`;
/*!40101 SET @saved_cs_client     = @@character_set_client */;
/*!40101 SET character_set_client = utf8 */;
CREATE TABLE `document_types` (
  `id` bigint(20) unsigned NOT NULL AUTO_INCREMENT,
  `document_type` varchar(255) COLLATE utf8mb4_unicode_ci NOT NULL,
  `description` text COLLATE utf8mb4_unicode_ci DEFAULT NULL,
  `created_at` timestamp NULL DEFAULT NULL,
  `updated_at` timestamp NULL DEFAULT NULL,
  PRIMARY KEY (`id`)
) ENGINE=InnoDB AUTO_INCREMENT=16 DEFAULT CHARSET=utf8mb4 COLLATE=utf8mb4_unicode_ci;
/*!40101 SET character_set_client = @saved_cs_client */;

--
-- Dumping data for table `document_types`
--

LOCK TABLES `document_types` WRITE;
/*!40000 ALTER TABLE `document_types` DISABLE KEYS */;
INSERT INTO `document_types` VALUES (1,'MEMO',NULL,'2025-11-13 18:05:50','2025-11-13 18:05:50'),(3,'CSW',NULL,'2025-11-23 20:51:25','2025-11-23 20:51:25'),(4,'TESDA ORDER',NULL,'2025-11-23 20:51:37','2025-11-23 20:51:37'),(5,'TESDA CIRCULAR',NULL,'2025-11-23 20:51:43','2025-11-23 20:51:43'),(6,'ROUTE SLIP',NULL,'2025-11-23 20:51:50','2025-11-23 20:51:50'),(7,'TOR',NULL,'2025-11-23 20:51:56','2025-11-23 20:51:56'),(8,'INVITATION LETTERS & CONFORME',NULL,'2025-11-23 20:52:02','2025-11-23 20:52:02'),(9,'POSITION PAPER',NULL,'2025-11-23 20:52:33','2025-11-23 20:52:33'),(10,'LETTER',NULL,'2025-11-23 20:52:41','2025-11-23 20:52:41'),(11,'BRIEFING NOTE',NULL,'2025-11-23 20:52:47','2025-11-23 20:52:47'),(12,'MESSAGE',NULL,'2025-11-23 20:52:52','2025-11-23 20:52:52'),(13,'CERTIFICATES',NULL,'2025-11-23 20:52:57','2025-11-23 20:52:57'),(14,'ORS, DV\'s',NULL,'2025-11-23 20:53:03','2025-11-23 20:53:03');
/*!40000 ALTER TABLE `document_types` ENABLE KEYS */;
UNLOCK TABLES;

--
-- Table structure for table `documents`
--

DROP TABLE IF EXISTS `documents`;
/*!40101 SET @saved_cs_client     = @@character_set_client */;
/*!40101 SET character_set_client = utf8 */;
CREATE TABLE `documents` (
  `document_id` bigint(20) unsigned NOT NULL AUTO_INCREMENT,
  `document_control_number` varchar(255) COLLATE utf8mb4_unicode_ci NOT NULL,
  `document_code` varchar(1000) COLLATE utf8mb4_unicode_ci NOT NULL,
  `date_received` datetime DEFAULT NULL,
  `label` varchar(255) COLLATE utf8mb4_unicode_ci DEFAULT NULL,
  `particular` text COLLATE utf8mb4_unicode_ci NOT NULL,
  `office_origin` varchar(100) COLLATE utf8mb4_unicode_ci NOT NULL,
  `destination_office` varchar(100) COLLATE utf8mb4_unicode_ci DEFAULT NULL,
  `user_id` bigint(20) unsigned NOT NULL,
  `sender_id` int(11) NOT NULL DEFAULT 0,
  `recipient_id` varchar(10) COLLATE utf8mb4_unicode_ci DEFAULT NULL,
  `document_form` varchar(50) COLLATE utf8mb4_unicode_ci NOT NULL,
  `document_type` varchar(50) COLLATE utf8mb4_unicode_ci NOT NULL,
  `date_of_document` date DEFAULT NULL,
  `due_date` date DEFAULT NULL,
  `signatory` varchar(100) COLLATE utf8mb4_unicode_ci NOT NULL,
  `date_forwarded` datetime DEFAULT NULL,
  `receipt_confirmation` int(11) NOT NULL DEFAULT 0,
  `receipt_confirmed_by` int(11) NOT NULL DEFAULT 0,
  `involved_office` varchar(255) COLLATE utf8mb4_unicode_ci DEFAULT NULL,
  `action_taken` text COLLATE utf8mb4_unicode_ci DEFAULT NULL,
  `status` varchar(50) COLLATE utf8mb4_unicode_ci NOT NULL DEFAULT 'Pending',
  `revision_status` int(11) NOT NULL DEFAULT 0,
  `remarks` varchar(255) COLLATE utf8mb4_unicode_ci DEFAULT NULL,
  `confidentiality` varchar(255) COLLATE utf8mb4_unicode_ci NOT NULL DEFAULT 'None',
  `created_at` timestamp NULL DEFAULT NULL,
  `updated_at` timestamp NULL DEFAULT NULL,
  PRIMARY KEY (`document_id`)
) ENGINE=InnoDB AUTO_INCREMENT=198 DEFAULT CHARSET=utf8mb4 COLLATE=utf8mb4_unicode_ci;
/*!40101 SET character_set_client = @saved_cs_client */;

--
-- Dumping data for table `documents`
--

LOCK TABLES `documents` WRITE;
/*!40000 ALTER TABLE `documents` DISABLE KEYS */;
INSERT INTO `documents` VALUES (174,'04012026-00001','123','2026-01-04 00:00:00',NULL,'ase','EOD-PO','EOD-PO',22,17,'22','PDF','CSW','2026-01-01','2026-01-10','asd','2026-01-05 01:54:05',1,22,'[\"EOD-PO\",\"EOD-PO\",\"ODDG-PP\"]',NULL,'Due Today',0,'asd','None','2026-01-04 14:30:50','2026-01-08 13:54:26'),(175,'06012026-00001','test33','2026-01-06 00:00:00',NULL,'test34','ODDG-PP','EOD-PO',17,17,NULL,'PDF','TESDA ORDER',NULL,NULL,'test3','2026-01-06 12:35:39',0,0,'[\"ODDG-PP\",\"ODDG-PP\"]',NULL,'Due Today',0,'test3','None','2026-01-06 04:03:50','2026-01-08 13:54:26'),(176,'06012026-00002','test5','2026-01-06 00:00:00',NULL,'test5','ODDG-PP','EOD-PO',17,17,NULL,'PDF','MEMO',NULL,NULL,'test5','2026-01-06 12:41:08',0,0,'[\"ODDG-PP\",\"ODDG-PP\"]',NULL,'Due Today',0,'test5','None','2026-01-06 04:09:15','2026-01-08 13:54:26'),(177,'06012026-00003','tes6','2026-01-06 00:00:00',NULL,'tes6','ODDG-PP','EOD-PO',17,17,NULL,'PDF','CSW',NULL,NULL,'tes6','2026-01-06 12:42:10',0,0,'[\"ODDG-PP\",\"ODDG-PP\"]',NULL,'Due Today',0,'tes6','None','2026-01-06 04:11:08','2026-01-08 13:54:26'),(178,'08012026-00001','12313','2026-01-08 00:00:00',NULL,'asdasd','ODDG-PP','ODDG-PP',17,0,NULL,'PDF','CSW','2026-01-01','2026-01-03','asdasd','2026-01-08 21:54:13',0,0,'[\"ODDG-PP\",\"ODDG-PP\"]',NULL,'Due Today',0,'asdasd','None','2026-01-08 13:54:13','2026-01-08 13:54:26'),(179,'08012026-00002','123qs','2026-01-08 00:00:00',NULL,'12312asd','ODDG-PP','ODDG-PP',17,0,'17','PDF','CSW',NULL,'2026-01-01','qawesasd','2026-01-08 21:56:08',1,17,'[\"ODDG-PP\",\"ODDG-PP\"]',NULL,'Completed',0,'asdasd','None','2026-01-08 13:56:08','2026-01-15 13:28:44'),(180,'15012026-00001','test','2026-01-15 00:00:00',NULL,'test','EOD-PO','ODDG-PP',22,0,'17','PDF','MEMO',NULL,'2026-01-16','test','2026-01-15 21:29:41',1,17,'[\"EOD-PO\",\"EOD-PO\",\"ODDG-PP\"]',NULL,'Pending',0,'test','None','2026-01-15 13:29:41','2026-01-15 13:30:10'),(181,'15012026-00002','test','2026-01-15 00:00:00',NULL,'test','EOD-PO','ODDG-PP',22,0,'17','PDF','CSW',NULL,NULL,'test','2026-01-15 21:41:44',1,17,'[\"EOD-PO\",\"EOD-PO\",\"ODDG-PP\"]',NULL,'Pending',0,'test','None','2026-01-15 13:41:44','2026-01-15 14:15:21'),(182,'15012026-00003','test123','2026-01-15 00:00:00',NULL,'test123','EOD-PO','ODDG-PP',22,0,'17','PDF','CSW',NULL,NULL,'test123','2026-01-15 22:15:55',1,17,'[\"EOD-PO\",\"EOD-PO\",\"ODDG-PP\"]',NULL,'Pending',0,'test123','None','2026-01-15 14:15:55','2026-01-15 14:17:51'),(183,'15012026-00004','asdsad','2026-01-15 00:00:00',NULL,'asdasd','EOD-PO','ODDG-PP',22,0,'17','PDF','CSW',NULL,NULL,'asdasd','2026-01-15 22:21:26',1,17,'[\"EOD-PO\",\"EOD-PO\",\"ODDG-PP\"]',NULL,'Pending',0,'asdasd','None','2026-01-15 14:21:26','2026-01-15 14:21:45'),(184,'15012026-00005','test','2026-01-15 00:00:00',NULL,'test','EOD-PO','ODDG-PP',22,17,'34','PDF','CSW',NULL,NULL,'test','2026-01-24 10:31:26',1,17,'[\"EOD-PO\",\"EOD-PO\",\"ODDG-PP\"]',NULL,'For Approval',0,'test','None','2026-01-15 14:33:39','2026-01-24 02:31:26'),(185,'15012026-00006','asdasd','2026-01-15 00:00:00',NULL,'asdasd','EOD-PO','ODDG-PP',22,17,'19','PDF','TESDA ORDER',NULL,NULL,'asdasd','2026-01-16 06:13:41',1,17,'[\"EOD-PO\",\"EOD-PO\",\"ODDG-PP\"]',NULL,'For Approval',0,'asddsads','None','2026-01-15 14:37:58','2026-01-15 22:13:41'),(186,'15012026-00007','vvvv','2026-01-15 00:00:00',NULL,'vvvv','EOD-PO','ODDG-PP',22,17,'19','PDF','TESDA ORDER',NULL,NULL,'vvvv','2026-01-16 06:13:02',1,17,'[\"EOD-PO\",\"EOD-PO\",\"ODDG-PP\"]',NULL,'For Approval',0,'vvvv','None','2026-01-15 15:18:06','2026-01-15 22:13:02'),(187,'15012026-00008','dddd','2026-01-15 00:00:00',NULL,'dddd','EOD-PO','ODDG-PP',22,17,'19','PDF','CSW',NULL,NULL,'dddd','2026-01-16 06:12:35',1,17,'[\"EOD-PO\",\"EOD-PO\",\"ODDG-PP\"]',NULL,'For Approval',0,'dddd','None','2026-01-15 15:22:20','2026-01-15 22:12:35'),(188,'15012026-00009','test','2026-01-15 00:00:00',NULL,'test','EOD-PO','ODDG-PP',22,17,'19','PDF','CSW',NULL,NULL,'test','2026-01-15 23:39:38',1,17,'[\"EOD-PO\",\"EOD-PO\",\"ODDG-PP\"]',NULL,'For Approval',0,'test','None','2026-01-15 15:26:25','2026-01-15 15:39:38'),(189,'15012026-00010','asdada','2026-01-15 00:00:00',NULL,'asda','EOD-PO','ODDG-PP',22,17,'19','PDF','CSW',NULL,NULL,'asdasd','2026-01-15 23:38:52',1,17,'[\"EOD-PO\",\"EOD-PO\",\"ODDG-PP\"]',NULL,'For Approval',0,'asdad','None','2026-01-15 15:31:12','2026-01-15 15:38:52'),(190,'16012026-00001','test','2026-01-15 00:00:00',NULL,'test','EOD-PO','ODDG-PP',22,17,'19','PDF','MEMO','2026-01-16','2026-01-17','test','2026-01-16 06:09:43',1,17,'[\"EOD-PO\",\"EOD-PO\",\"ODDG-PP\"]',NULL,'For Approval',0,'test','None','2026-01-15 21:56:31','2026-01-15 22:09:43'),(191,'16012026-00002','asdasads','2026-01-15 00:00:00',NULL,'asdasd','EOD-PO','ODDG-PP',22,17,'19','PDF','MEMO',NULL,NULL,'asddas','2026-01-16 06:28:18',1,17,'[\"EOD-PO\",\"EOD-PO\",\"ODDG-PP\"]',NULL,'For Approval',0,'asddasasdads','None','2026-01-15 22:16:15','2026-01-15 22:28:18'),(192,'16012026-00003','asdasd','2026-01-15 00:00:00',NULL,'asdasd','EOD-PO','ODDG-PP',22,17,'20','PDF','MEMO',NULL,NULL,'asdasd','2026-01-16 08:20:12',1,17,'[\"EOD-PO\",\"EOD-PO\",\"ODDG-PP\"]',NULL,'For Approval',0,'asdadsads','None','2026-01-15 22:17:55','2026-01-16 00:20:12'),(193,'16012026-00004','asdasda','2026-01-15 00:00:00',NULL,'asdasdads','EOD-PO','ODDG-PP',22,17,'34','PDF','TESDA ORDER',NULL,NULL,'asdasd','2026-01-18 09:48:06',1,17,'[\"EOD-PO\",\"EOD-PO\",\"ODDG-PP\"]',NULL,'For Approval',0,'asdassdasd','None','2026-01-15 22:18:29','2026-01-18 01:48:06'),(194,'16012026-00005','asdasdas','2026-01-15 00:00:00',NULL,'asdasd','EOD-PO','ODDG-PP',22,17,'19','PDF','CSW',NULL,NULL,'asdda','2026-01-16 06:21:02',1,17,'[\"EOD-PO\",\"EOD-PO\",\"ODDG-PP\"]',NULL,'For Approval',0,'asdasdads','None','2026-01-15 22:20:24','2026-01-15 22:21:02'),(195,'16012026-00006','asdasdas','2026-01-15 00:00:00',NULL,'asddasd','EOD-PO','ODDG-PP',22,17,'19','PDF','MEMO',NULL,NULL,'asdasdads','2026-01-16 06:24:10',1,17,'[\"EOD-PO\",\"EOD-PO\",\"ODDG-PP\"]',NULL,'For Approval',0,'asdadsadsads','None','2026-01-15 22:20:44','2026-01-15 22:24:10'),(196,'19012026-00001','testing','2026-01-18 00:00:00',NULL,'testing','EOD-PO','FOCTEST2',22,17,NULL,'PDF','MEMO','2025-12-31','2026-01-22','testing','2026-01-24 10:29:50',0,0,'[\"EOD-PO\",\"EOD-PO\",\"ODDG-PP\"]',NULL,'Pending',0,'testing','None','2026-01-18 21:48:57','2026-01-24 02:29:50'),(197,'24012026-00001','@#!','2026-01-24 00:00:00',NULL,'!@#','ODDG-PP','DEV',17,0,NULL,'PDF','ORS, DV&#x27;s',NULL,NULL,'!@#','2026-01-24 10:23:14',0,0,'[\"ODDG-PP\",\"ODDG-PP\",\"DEV\"]',NULL,'Routed',0,'!@#','None','2026-01-24 02:23:14','2026-01-24 02:23:14');
/*!40000 ALTER TABLE `documents` ENABLE KEYS */;
UNLOCK TABLES;

--
-- Table structure for table `failed_jobs`
--

DROP TABLE IF EXISTS `failed_jobs`;
/*!40101 SET @saved_cs_client     = @@character_set_client */;
/*!40101 SET character_set_client = utf8 */;
CREATE TABLE `failed_jobs` (
  `id` bigint(20) unsigned NOT NULL AUTO_INCREMENT,
  `uuid` varchar(255) COLLATE utf8mb4_unicode_ci NOT NULL,
  `connection` text COLLATE utf8mb4_unicode_ci NOT NULL,
  `queue` text COLLATE utf8mb4_unicode_ci NOT NULL,
  `payload` longtext COLLATE utf8mb4_unicode_ci NOT NULL,
  `exception` longtext COLLATE utf8mb4_unicode_ci NOT NULL,
  `failed_at` timestamp NOT NULL DEFAULT current_timestamp(),
  PRIMARY KEY (`id`),
  UNIQUE KEY `failed_jobs_uuid_unique` (`uuid`)
) ENGINE=InnoDB DEFAULT CHARSET=utf8mb4 COLLATE=utf8mb4_unicode_ci;
/*!40101 SET character_set_client = @saved_cs_client */;

--
-- Dumping data for table `failed_jobs`
--

LOCK TABLES `failed_jobs` WRITE;
/*!40000 ALTER TABLE `failed_jobs` DISABLE KEYS */;
/*!40000 ALTER TABLE `failed_jobs` ENABLE KEYS */;
UNLOCK TABLES;

--
-- Table structure for table `files`
--

DROP TABLE IF EXISTS `files`;
/*!40101 SET @saved_cs_client     = @@character_set_client */;
/*!40101 SET character_set_client = utf8 */;
CREATE TABLE `files` (
  `file_id` bigint(20) unsigned NOT NULL AUTO_INCREMENT,
  `document_id` bigint(20) unsigned NOT NULL,
  `file_name` varchar(1000) COLLATE utf8mb4_unicode_ci DEFAULT NULL,
  `file_path` varchar(255) COLLATE utf8mb4_unicode_ci NOT NULL,
  `file_password` varchar(255) COLLATE utf8mb4_unicode_ci DEFAULT NULL,
  `uploading_office` varchar(255) COLLATE utf8mb4_unicode_ci NOT NULL,
  `uploaded_by` bigint(20) unsigned NOT NULL,
  `uploaded_at` timestamp NOT NULL DEFAULT current_timestamp(),
  PRIMARY KEY (`file_id`),
  KEY `files_document_id_foreign` (`document_id`),
  KEY `files_uploaded_by_foreign` (`uploaded_by`),
  CONSTRAINT `files_document_id_foreign` FOREIGN KEY (`document_id`) REFERENCES `documents` (`document_id`) ON DELETE CASCADE,
  CONSTRAINT `files_uploaded_by_foreign` FOREIGN KEY (`uploaded_by`) REFERENCES `users` (`id`) ON DELETE CASCADE
) ENGINE=InnoDB AUTO_INCREMENT=136 DEFAULT CHARSET=utf8mb4 COLLATE=utf8mb4_unicode_ci;
/*!40101 SET character_set_client = @saved_cs_client */;

--
-- Dumping data for table `files`
--

LOCK TABLES `files` WRITE;
/*!40000 ALTER TABLE `files` DISABLE KEYS */;
INSERT INTO `files` VALUES (110,174,'Untitled_design_(2).pdf','storage/assets/documents/EOD-PO/pdf/695a799a2f3b6-Untitled_design_(2).pdf',NULL,'EOD-PO',22,'2026-01-04 14:30:50'),(111,174,'Minton_Diaz_Resume.pdf.pdf','assets/documents/EOD-PO/pdf/695aa93db2e4d-Minton_Diaz_Resume.pdf.pdf',NULL,'EOD-PO',17,'2026-01-04 17:54:05'),(112,175,'Untitled_design_(2).pdf','storage/assets/documents/ODDG-PP/pdf/695c89a6c1dce-Untitled_design_(2).pdf',NULL,'ODDG-PP',17,'2026-01-06 04:03:50'),(113,176,'Untitled_design_(1).pdf','app_core/public/storage/assets/documents/ODDG-PP/pdf/695c8aeb23611-Untitled_design_(1).pdf',NULL,'ODDG-PP',17,'2026-01-06 04:09:15'),(114,177,'Untitled_design_(1).pdf','storage/assets/documents/ODDG-PP/pdf/695c8b5c720b8-Untitled_design_(1).pdf',NULL,'ODDG-PP',17,'2026-01-06 04:11:08'),(115,177,'Untitled_design_(2).pdf','assets/documents/ODDG-PP/pdf/695c92a2dab1e-Untitled_design_(2).pdf',NULL,'EOD-PO',17,'2026-01-06 04:42:10'),(116,178,'users_reportsMon_Jan_05_2026_01_01_20_GMT+0800_(China_Standard_Time).pdf','storage/assets/documents/ODDG-PP/pdf/695fb705ecec3-users_reportsMon_Jan_05_2026_01_01_20_GMT+0800_(China_Standard_Time).pdf',NULL,'ODDG-PP',17,'2026-01-08 13:54:13'),(117,179,'Untitled_design_(2).pdf','storage/assets/documents/ODDG-PP/pdf/695fb7781699e-Untitled_design_(2).pdf',NULL,'ODDG-PP',17,'2026-01-08 13:56:08'),(118,180,'UB_BankStatement_October.pdf','storage/assets/documents/EOD-PO/pdf/6968ebc555ed3-UB_BankStatement_October.pdf',NULL,'EOD-PO',22,'2026-01-15 13:29:41'),(119,181,'UB-Transactions_August.pdf','storage/assets/documents/EOD-PO/pdf/6968ee98807c3-UB-Transactions_August.pdf',NULL,'EOD-PO',22,'2026-01-15 13:41:44'),(120,182,'UB_BankStatement_October.pdf','storage/assets/documents/EOD-PO/pdf/6968f69b9156b-UB_BankStatement_October.pdf',NULL,'EOD-PO',22,'2026-01-15 14:15:55'),(121,183,'UB_BankStatement_October.pdf','storage/assets/documents/EOD-PO/pdf/6968f7e6050aa-UB_BankStatement_October.pdf',NULL,'EOD-PO',22,'2026-01-15 14:21:26'),(122,184,'UB_BankStatement_October.pdf','storage/assets/documents/EOD-PO/pdf/6968fac39ae6e-UB_BankStatement_October.pdf',NULL,'EOD-PO',22,'2026-01-15 14:33:39'),(123,185,'UB_BankStatement_October.pdf','storage/assets/documents/EOD-PO/pdf/6968fbc6453de-UB_BankStatement_October.pdf',NULL,'EOD-PO',22,'2026-01-15 14:37:58'),(124,186,'UB_BankStatement_October.pdf','storage/assets/documents/EOD-PO/pdf/6969052eb3567-UB_BankStatement_October.pdf',NULL,'EOD-PO',22,'2026-01-15 15:18:06'),(125,187,'UB_BankStatement_October.pdf','storage/assets/documents/EOD-PO/pdf/6969062c7e216-UB_BankStatement_October.pdf',NULL,'EOD-PO',22,'2026-01-15 15:22:20'),(126,188,'users_reportsMon_Jan_05_2026_01_01_20_GMT+0800_(China_Standard_Time).pdf','storage/assets/documents/EOD-PO/pdf/6969072148d0b-users_reportsMon_Jan_05_2026_01_01_20_GMT+0800_(China_Standard_Time).pdf',NULL,'EOD-PO',22,'2026-01-15 15:26:25'),(127,189,'users_reportsMon_Jan_05_2026_01_01_20_GMT+0800_(China_Standard_Time).pdf','storage/assets/documents/EOD-PO/pdf/69690840a6c26-users_reportsMon_Jan_05_2026_01_01_20_GMT+0800_(China_Standard_Time).pdf',NULL,'EOD-PO',22,'2026-01-15 15:31:12'),(128,190,'users_reportsMon_Jan_05_2026_01_01_20_GMT+0800_(China_Standard_Time).pdf','storage/assets/documents/EOD-PO/pdf/6969628f5ccb7-users_reportsMon_Jan_05_2026_01_01_20_GMT+0800_(China_Standard_Time).pdf',NULL,'EOD-PO',22,'2026-01-15 21:56:31'),(129,191,'users_reportsMon_Jan_05_2026_01_01_20_GMT+0800_(China_Standard_Time).pdf','storage/assets/documents/EOD-PO/pdf/6969672f013b2-users_reportsMon_Jan_05_2026_01_01_20_GMT+0800_(China_Standard_Time).pdf',NULL,'EOD-PO',22,'2026-01-15 22:16:15'),(130,192,'users_reportsMon_Jan_05_2026_01_01_20_GMT+0800_(China_Standard_Time).pdf','storage/assets/documents/EOD-PO/pdf/69696793b0dc2-users_reportsMon_Jan_05_2026_01_01_20_GMT+0800_(China_Standard_Time).pdf',NULL,'EOD-PO',22,'2026-01-15 22:17:55'),(131,193,'Untitled_design_(3).pdf','storage/assets/documents/EOD-PO/pdf/696967b5a5299-Untitled_design_(3).pdf',NULL,'EOD-PO',22,'2026-01-15 22:18:29'),(132,194,'users_reportsMon_Jan_05_2026_01_01_20_GMT+0800_(China_Standard_Time).pdf','storage/assets/documents/EOD-PO/pdf/6969682869d5d-users_reportsMon_Jan_05_2026_01_01_20_GMT+0800_(China_Standard_Time).pdf',NULL,'EOD-PO',22,'2026-01-15 22:20:24'),(133,195,'Minton_Diaz_-_CS_Form_No._212_Personal_Data_Sheet_Filled.pdf','storage/assets/documents/EOD-PO/pdf/6969683c83407-Minton_Diaz_-_CS_Form_No._212_Personal_Data_Sheet_Filled.pdf',NULL,'EOD-PO',22,'2026-01-15 22:20:44'),(134,196,'696967b5a5299-Untitled_design_(3).pdf','storage/assets/documents/EOD-PO/pdf/696d55497853c-696967b5a5299-Untitled_design_(3).pdf',NULL,'EOD-PO',22,'2026-01-18 21:48:57'),(135,197,'purposes_DIAZ_IPCR_2025-December-2025.docx.pdf','storage/assets/documents/ODDG-PP/pdf/69742d128d5a4-purposes_DIAZ_IPCR_2025-December-2025.docx.pdf',NULL,'ODDG-PP',17,'2026-01-24 02:23:14');
/*!40000 ALTER TABLE `files` ENABLE KEYS */;
UNLOCK TABLES;

--
-- Table structure for table `finance`
--

DROP TABLE IF EXISTS `finance`;
/*!40101 SET @saved_cs_client     = @@character_set_client */;
/*!40101 SET character_set_client = utf8 */;
CREATE TABLE `finance` (
  `id` bigint(20) unsigned NOT NULL AUTO_INCREMENT,
  `uploading_office` text COLLATE utf8mb4_unicode_ci NOT NULL,
  `uploaded_by` text COLLATE utf8mb4_unicode_ci NOT NULL,
  `transaction` enum('ORS','DV') COLLATE utf8mb4_unicode_ci NOT NULL,
  `date_processed` date DEFAULT NULL,
  `payee` varchar(255) COLLATE utf8mb4_unicode_ci NOT NULL,
  `particular` text COLLATE utf8mb4_unicode_ci NOT NULL,
  `responsibility_center` varchar(255) COLLATE utf8mb4_unicode_ci NOT NULL,
  `expenditure` varchar(255) COLLATE utf8mb4_unicode_ci DEFAULT NULL,
  `uacs_object_code` varchar(50) COLLATE utf8mb4_unicode_ci DEFAULT NULL,
  `amount` decimal(15,2) NOT NULL,
  `fund_cluster` varchar(50) COLLATE utf8mb4_unicode_ci DEFAULT NULL,
  `date_signed` date DEFAULT NULL,
  `status` text COLLATE utf8mb4_unicode_ci DEFAULT 'Processing',
  `file_path` varchar(255) COLLATE utf8mb4_unicode_ci NOT NULL,
  `file_name` varchar(255) COLLATE utf8mb4_unicode_ci DEFAULT NULL,
  `created_at` timestamp NULL DEFAULT NULL,
  `updated_at` timestamp NULL DEFAULT NULL,
  PRIMARY KEY (`id`)
) ENGINE=InnoDB AUTO_INCREMENT=9 DEFAULT CHARSET=utf8mb4 COLLATE=utf8mb4_unicode_ci;
/*!40101 SET character_set_client = @saved_cs_client */;

--
-- Dumping data for table `finance`
--

LOCK TABLES `finance` WRITE;
/*!40000 ALTER TABLE `finance` DISABLE KEYS */;
INSERT INTO `finance` VALUES (1,'7','22','ORS',NULL,'asdasdda','asdasd','asdadsdas','ORS','asdasddsa',123.00,'asdasd',NULL,'Processing','storage/assets/finance/pdf/696e2e22bcb4a-696967b5a5299-Untitled_design_(3).pdf','696967b5a5299-Untitled_design_(3).pdf','2026-01-19 13:14:10','2026-01-19 13:14:10'),(2,'7','22','ORS',NULL,'asdasd','asddas','asd','ORS','asd',123.00,'asdad',NULL,'Processing','storage/assets/finance/pdf/696e2e9f7ac68-purposes_DIAZ_IPCR_2025-December-2025.docx.pdf','purposes_DIAZ_IPCR_2025-December-2025.docx.pdf','2026-01-19 13:16:15','2026-01-19 13:16:15'),(3,'7','22','ORS',NULL,'asdasd','asdasdasd','asdasd','ORS','asddas',123.00,'asdads',NULL,'Processing','storage/assets/finance/pdf/696e2ecfe0cef-purposes_DIAZ_IPCR_2025-December-2025.docx.pdf','purposes_DIAZ_IPCR_2025-December-2025.docx.pdf','2026-01-19 13:17:03','2026-01-19 13:17:03'),(4,'7','22','ORS',NULL,'asdasd','asddas','asddas','ORS','asd',123.00,'asdasd',NULL,'Processing','storage/assets/finance/pdf/696e2f5c47eb8-696967b5a5299-Untitled_design_(3).pdf','696967b5a5299-Untitled_design_(3).pdf','2026-01-19 13:19:24','2026-01-19 13:19:24'),(5,'7','22','ORS',NULL,'asdasd','asddas','asdads','ORS','asd',123.00,'asdasd',NULL,'Processing','storage/assets/finance/pdf/696e306b0dfda-696967b5a5299-Untitled_design_(3).pdf','696967b5a5299-Untitled_design_(3).pdf','2026-01-19 13:23:55','2026-01-19 13:23:55'),(6,'7','22','ORS',NULL,'asdasdadsasd','asdasads','asdasdads','ORS','asdasd',250000.00,'asdadsda',NULL,'Processing','storage/assets/finance/pdf/696e3a7a2d8e6-purposes_DIAZ_IPCR_2025-December-2025.docx.pdf','purposes_DIAZ_IPCR_2025-December-2025.docx.pdf','2026-01-19 14:06:50','2026-01-19 14:06:50'),(7,'7','22','DV',NULL,'asdasd','asdasdadsasd','asdasd','ORS','asdasd',50000.00,'asdasdads',NULL,'Processing','storage/assets/finance/pdf/696e3a8ec35bc-purposes_DIAZ_IPCR_2025-December-2025.docx.pdf','purposes_DIAZ_IPCR_2025-December-2025.docx.pdf','2026-01-19 14:07:10','2026-01-19 14:07:10'),(8,'7','22','ORS',NULL,'asdasd','asdsad','asdasd','ORS','asdasd',75000.00,'asdasd',NULL,'Processing','storage/assets/finance/pdf/696e3c0795c23-purposes_DIAZ_IPCR_2025-December-2025.docx.pdf','purposes_DIAZ_IPCR_2025-December-2025.docx.pdf','2026-01-19 14:13:27','2026-01-19 14:13:27');
/*!40000 ALTER TABLE `finance` ENABLE KEYS */;
UNLOCK TABLES;

--
-- Table structure for table `finance_activity`
--

DROP TABLE IF EXISTS `finance_activity`;
/*!40101 SET @saved_cs_client     = @@character_set_client */;
/*!40101 SET character_set_client = utf8 */;
CREATE TABLE `finance_activity` (
  `id` bigint(20) unsigned NOT NULL AUTO_INCREMENT,
  `finance_id` int(11) DEFAULT 0,
  `timestamp` timestamp NOT NULL DEFAULT current_timestamp(),
  `activity` varchar(255) COLLATE utf8mb4_unicode_ci NOT NULL,
  `remarks` text COLLATE utf8mb4_unicode_ci DEFAULT NULL,
  `status` varchar(50) COLLATE utf8mb4_unicode_ci NOT NULL DEFAULT 'pending',
  `created_at` timestamp NULL DEFAULT NULL,
  `updated_at` timestamp NULL DEFAULT NULL,
  PRIMARY KEY (`id`)
) ENGINE=InnoDB DEFAULT CHARSET=utf8mb4 COLLATE=utf8mb4_unicode_ci;
/*!40101 SET character_set_client = @saved_cs_client */;

--
-- Dumping data for table `finance_activity`
--

LOCK TABLES `finance_activity` WRITE;
/*!40000 ALTER TABLE `finance_activity` DISABLE KEYS */;
/*!40000 ALTER TABLE `finance_activity` ENABLE KEYS */;
UNLOCK TABLES;

--
-- Table structure for table `finance_budget`
--

DROP TABLE IF EXISTS `finance_budget`;
/*!40101 SET @saved_cs_client     = @@character_set_client */;
/*!40101 SET character_set_client = utf8 */;
CREATE TABLE `finance_budget` (
  `id` bigint(20) unsigned NOT NULL AUTO_INCREMENT,
  `year` year(4) NOT NULL,
  `office_code` text COLLATE utf8mb4_unicode_ci DEFAULT NULL,
  `amount` decimal(15,2) NOT NULL DEFAULT 0.00,
  `created_at` timestamp NULL DEFAULT NULL,
  `updated_at` timestamp NULL DEFAULT NULL,
  PRIMARY KEY (`id`),
  KEY `finance_budget_year_index` (`year`)
) ENGINE=InnoDB AUTO_INCREMENT=2 DEFAULT CHARSET=utf8mb4 COLLATE=utf8mb4_unicode_ci;
/*!40101 SET character_set_client = @saved_cs_client */;

--
-- Dumping data for table `finance_budget`
--

LOCK TABLES `finance_budget` WRITE;
/*!40000 ALTER TABLE `finance_budget` DISABLE KEYS */;
INSERT INTO `finance_budget` VALUES (1,2026,NULL,500000.00,'2026-01-19 13:49:38','2026-01-20 11:05:05');
/*!40000 ALTER TABLE `finance_budget` ENABLE KEYS */;
UNLOCK TABLES;

--
-- Table structure for table `label_table`
--

DROP TABLE IF EXISTS `label_table`;
/*!40101 SET @saved_cs_client     = @@character_set_client */;
/*!40101 SET character_set_client = utf8 */;
CREATE TABLE `label_table` (
  `id` bigint(20) unsigned NOT NULL AUTO_INCREMENT,
  `label_name` varchar(100) COLLATE utf8mb4_unicode_ci NOT NULL,
  `created_at` timestamp NULL DEFAULT NULL,
  `updated_at` timestamp NULL DEFAULT NULL,
  PRIMARY KEY (`id`),
  UNIQUE KEY `label_table_label_name_unique` (`label_name`)
) ENGINE=InnoDB DEFAULT CHARSET=utf8mb4 COLLATE=utf8mb4_unicode_ci;
/*!40101 SET character_set_client = @saved_cs_client */;

--
-- Dumping data for table `label_table`
--

LOCK TABLES `label_table` WRITE;
/*!40000 ALTER TABLE `label_table` DISABLE KEYS */;
/*!40000 ALTER TABLE `label_table` ENABLE KEYS */;
UNLOCK TABLES;

--
-- Table structure for table `listing_photos`
--

DROP TABLE IF EXISTS `listing_photos`;
/*!40101 SET @saved_cs_client     = @@character_set_client */;
/*!40101 SET character_set_client = utf8 */;
CREATE TABLE `listing_photos` (
  `id` bigint(20) unsigned NOT NULL AUTO_INCREMENT,
  `created_at` timestamp NULL DEFAULT NULL,
  `updated_at` timestamp NULL DEFAULT NULL,
  PRIMARY KEY (`id`)
) ENGINE=InnoDB DEFAULT CHARSET=utf8mb4 COLLATE=utf8mb4_unicode_ci;
/*!40101 SET character_set_client = @saved_cs_client */;

--
-- Dumping data for table `listing_photos`
--

LOCK TABLES `listing_photos` WRITE;
/*!40000 ALTER TABLE `listing_photos` DISABLE KEYS */;
/*!40000 ALTER TABLE `listing_photos` ENABLE KEYS */;
UNLOCK TABLES;

--
-- Table structure for table `listings`
--

DROP TABLE IF EXISTS `listings`;
/*!40101 SET @saved_cs_client     = @@character_set_client */;
/*!40101 SET character_set_client = utf8 */;
CREATE TABLE `listings` (
  `id` bigint(20) unsigned NOT NULL AUTO_INCREMENT,
  `property_name` varchar(255) COLLATE utf8mb4_unicode_ci NOT NULL,
  `address` varchar(255) COLLATE utf8mb4_unicode_ci NOT NULL,
  `description` text COLLATE utf8mb4_unicode_ci DEFAULT NULL,
  `price` varchar(255) COLLATE utf8mb4_unicode_ci DEFAULT NULL,
  `link` varchar(255) COLLATE utf8mb4_unicode_ci DEFAULT NULL,
  `status` enum('Active','Pending','Sold') COLLATE utf8mb4_unicode_ci NOT NULL DEFAULT 'Active',
  `images` longtext CHARACTER SET utf8mb4 COLLATE utf8mb4_bin DEFAULT NULL CHECK (json_valid(`images`)),
  `created_at` timestamp NULL DEFAULT NULL,
  `updated_at` timestamp NULL DEFAULT NULL,
  PRIMARY KEY (`id`)
) ENGINE=InnoDB DEFAULT CHARSET=utf8mb4 COLLATE=utf8mb4_unicode_ci;
/*!40101 SET character_set_client = @saved_cs_client */;

--
-- Dumping data for table `listings`
--

LOCK TABLES `listings` WRITE;
/*!40000 ALTER TABLE `listings` DISABLE KEYS */;
/*!40000 ALTER TABLE `listings` ENABLE KEYS */;
UNLOCK TABLES;

--
-- Table structure for table `mailer_settings`
--

DROP TABLE IF EXISTS `mailer_settings`;
/*!40101 SET @saved_cs_client     = @@character_set_client */;
/*!40101 SET character_set_client = utf8 */;
CREATE TABLE `mailer_settings` (
  `id` bigint(20) unsigned NOT NULL AUTO_INCREMENT,
  `mail_mailer` varchar(255) COLLATE utf8mb4_unicode_ci NOT NULL DEFAULT 'smtp',
  `mail_host` varchar(255) COLLATE utf8mb4_unicode_ci DEFAULT NULL,
  `mail_port` varchar(255) COLLATE utf8mb4_unicode_ci DEFAULT NULL,
  `mail_username` varchar(255) COLLATE utf8mb4_unicode_ci DEFAULT NULL,
  `mail_password` varchar(255) COLLATE utf8mb4_unicode_ci DEFAULT NULL,
  `mail_encryption` varchar(255) COLLATE utf8mb4_unicode_ci DEFAULT NULL,
  `mail_from_address` varchar(255) COLLATE utf8mb4_unicode_ci DEFAULT NULL,
  `mail_from_name` varchar(255) COLLATE utf8mb4_unicode_ci DEFAULT NULL,
  `created_at` timestamp NULL DEFAULT NULL,
  `updated_at` timestamp NULL DEFAULT NULL,
  PRIMARY KEY (`id`)
) ENGINE=InnoDB AUTO_INCREMENT=2 DEFAULT CHARSET=utf8mb4 COLLATE=utf8mb4_unicode_ci;
/*!40101 SET character_set_client = @saved_cs_client */;

--
-- Dumping data for table `mailer_settings`
--

LOCK TABLES `mailer_settings` WRITE;
/*!40000 ALTER TABLE `mailer_settings` DISABLE KEYS */;
INSERT INTO `mailer_settings` VALUES (1,'smtp','smtp.gmail.com','465','minton.diaz005@gmail.com','fxfe mkuc jniy mmdc','ssl','no-reply@email.com','no-reply@email.com','2026-01-18 09:56:56','2026-01-18 09:56:56');
/*!40000 ALTER TABLE `mailer_settings` ENABLE KEYS */;
UNLOCK TABLES;

--
-- Table structure for table `migrations`
--

DROP TABLE IF EXISTS `migrations`;
/*!40101 SET @saved_cs_client     = @@character_set_client */;
/*!40101 SET character_set_client = utf8 */;
CREATE TABLE `migrations` (
  `id` int(10) unsigned NOT NULL AUTO_INCREMENT,
  `migration` varchar(255) COLLATE utf8mb4_unicode_ci NOT NULL,
  `batch` int(11) NOT NULL,
  PRIMARY KEY (`id`)
) ENGINE=InnoDB AUTO_INCREMENT=80 DEFAULT CHARSET=utf8mb4 COLLATE=utf8mb4_unicode_ci;
/*!40101 SET character_set_client = @saved_cs_client */;

--
-- Dumping data for table `migrations`
--

LOCK TABLES `migrations` WRITE;
/*!40000 ALTER TABLE `migrations` DISABLE KEYS */;
INSERT INTO `migrations` VALUES (1,'2014_10_12_000000_create_users_table',1),(2,'2014_10_12_100000_create_password_reset_tokens_table',1),(3,'2019_08_19_000000_create_failed_jobs_table',1),(4,'2019_12_14_000001_create_personal_access_tokens_table',1),(5,'2025_10_01_211517_add_role_to_users_table',1),(6,'2025_10_01_211540_create_nav_menus_table',1),(7,'2025_10_01_211604_create_themes_table',1),(8,'2025_10_02_161929_add_role_id_to_users_table',1),(9,'2025_10_02_163004_create_table_for_settings_role',1),(10,'2025_10_02_163732_rename_title_in_posts_table',1),(11,'2025_10_02_163754_rename_title_in_posts_table',1),(12,'2025_10_03_180527_add_parentmenu',1),(13,'2025_10_04_144632_create_mailer_settings_table',1),(14,'2025_10_27_011437_update_role_idcolumn_from_users',1),(15,'2025_10_28_125539_create_listings_table',1),(16,'2025_10_28_135008_create_listing_photos_table',1),(25,'2025_11_05_010550_create_office_table',2),(26,'2025_11_05_010843_create_userconfig_table',2),(27,'2025_11_05_034143_add_office_id_to_users_table',2),(28,'2025_11_05_051201_instert_user_status',3),(30,'2025_11_06_035725_insert_order_in_nav_menus',4),(35,'2025_11_11_034055_create_documents_table',5),(36,'2025_11_11_034126_create_files_table',5),(37,'2025_11_11_034136_create_modifications_table',5),(38,'2025_11_11_034145_create_notifications_table',5),(39,'2025_11_11_072346_create_activities_table',6),(40,'2025_11_11_085126_update_document_table_column_control_number_to_varchar',7),(41,'2025_11_13_010728_add_document_code_to_document_table',8),(42,'2025_11_14_013954_create_document_types_table',9),(43,'2025_11_14_035018_update_activities_column_document_control_number_to_varchar',10),(44,'2025_11_14_061351_add_remarks_to_documents_table',11),(45,'2025_11_14_061419_add_routed_to_and_final_remarks_to_activities_table',11),(46,'2025_11_14_070758_add_office_origin_destination_routed_to_to_notifications_table',12),(47,'2025_11_14_080109_add_due_date_to_document_table',13),(48,'2025_11_14_081811_update_date_of_docs_to_nullable',14),(49,'2025_11_17_014429_add_file_name_to_files_table',15),(50,'2025_11_19_053136_add_final_approval_column_to_activities_table',16),(51,'2025_11_20_070853_add_to_external_column_to_activities',17),(52,'2025_11_20_073528_add_recepient_id_to_document_table',18),(53,'2025_11_21_003414_add_from_user_id_to_notification_table',19),(54,'2025_11_21_003910_add_fromuserid_to_activities_table',20),(55,'2025_11_21_015324_create_approval_table',21),(56,'2025_11_21_033628_add_status_column_to_approval_table',22),(57,'2025_11_24_031110_add_allowed_office_to_nav_menus',23),(58,'2025_11_24_053210_add_label_to_documents_table',24),(59,'2025_11_24_075644_update_document_id_from_approval_table',25),(60,'2025_11_25_091039_add_receipt_confirmation_column_to_document_table',26),(61,'2025_11_26_004903_update_date_forwarded_to_datetime',26),(62,'2025_12_17_203302_add_sender_id_to_document_table',27),(63,'2025_12_17_220040_add_revised_status_in_documents_table',28),(64,'2025_12_22_153803_alter_allowed_office_column_on_nav_menus_table',29),(65,'2025_12_25_150806_update_default_value_on_your_table',30),(66,'2026_01_07_121837_create_label_table',31),(67,'2026_01_09_081226_add_column_to_documents_table',32),(68,'2026_01_09_085737_add_authoriza_signatory_in_users_table',32),(69,'2026_01_09_092032_add_from_user_in_approval_table',32),(70,'2026_01_19_133320_create_finance_table',33),(71,'2026_01_19_134715_add_filename_column_to_finance',33),(72,'2026_01_19_140425_create_finance_activity_table',33),(73,'2026_01_19_155553_add_column_to_finance_table_office_uploader',33),(74,'2026_01_19_213006_create_budget_table',34),(75,'2026_01_20_130051_add_officeid_to_activities',35),(76,'2026_01_21_075630_add_office_code_to_finance_budget_table',36),(77,'2026_01_21_092750_add_finance_id_to_activity',36),(78,'2026_01_22_085625_add_status_to_finance_table',36),(79,'2026_01_23_094844_add_column_office_level_column_to_office_table',37);
/*!40000 ALTER TABLE `migrations` ENABLE KEYS */;
UNLOCK TABLES;

--
-- Table structure for table `modifications`
--

DROP TABLE IF EXISTS `modifications`;
/*!40101 SET @saved_cs_client     = @@character_set_client */;
/*!40101 SET character_set_client = utf8 */;
CREATE TABLE `modifications` (
  `modification_id` bigint(20) unsigned NOT NULL AUTO_INCREMENT,
  `document_id` bigint(20) unsigned NOT NULL,
  `modified_by` bigint(20) unsigned NOT NULL,
  `modification_type` varchar(50) COLLATE utf8mb4_unicode_ci NOT NULL,
  `old_value` text COLLATE utf8mb4_unicode_ci DEFAULT NULL,
  `new_value` text COLLATE utf8mb4_unicode_ci DEFAULT NULL,
  `modified_at` timestamp NOT NULL DEFAULT current_timestamp(),
  PRIMARY KEY (`modification_id`),
  KEY `modifications_document_id_foreign` (`document_id`),
  KEY `modifications_modified_by_foreign` (`modified_by`),
  CONSTRAINT `modifications_document_id_foreign` FOREIGN KEY (`document_id`) REFERENCES `documents` (`document_id`) ON DELETE CASCADE,
  CONSTRAINT `modifications_modified_by_foreign` FOREIGN KEY (`modified_by`) REFERENCES `users` (`id`) ON DELETE CASCADE
) ENGINE=InnoDB AUTO_INCREMENT=2 DEFAULT CHARSET=utf8mb4 COLLATE=utf8mb4_unicode_ci;
/*!40101 SET character_set_client = @saved_cs_client */;

--
-- Dumping data for table `modifications`
--

LOCK TABLES `modifications` WRITE;
/*!40000 ALTER TABLE `modifications` DISABLE KEYS */;
/*!40000 ALTER TABLE `modifications` ENABLE KEYS */;
UNLOCK TABLES;

--
-- Table structure for table `nav_menus`
--

DROP TABLE IF EXISTS `nav_menus`;
/*!40101 SET @saved_cs_client     = @@character_set_client */;
/*!40101 SET character_set_client = utf8 */;
CREATE TABLE `nav_menus` (
  `id` bigint(20) unsigned NOT NULL AUTO_INCREMENT,
  `title` varchar(255) COLLATE utf8mb4_unicode_ci NOT NULL,
  `icon` varchar(255) COLLATE utf8mb4_unicode_ci DEFAULT NULL,
  `link` varchar(255) COLLATE utf8mb4_unicode_ci NOT NULL,
  `allowed_roles` longtext CHARACTER SET utf8mb4 COLLATE utf8mb4_bin NOT NULL CHECK (json_valid(`allowed_roles`)),
  `allowed_office` longtext CHARACTER SET utf8mb4 COLLATE utf8mb4_bin DEFAULT NULL COMMENT '(DC2Type:json)' CHECK (json_valid(`allowed_office`)),
  `parent_menu` int(11) NOT NULL DEFAULT 0,
  `menu_order` int(11) NOT NULL DEFAULT 0,
  `created_at` timestamp NULL DEFAULT NULL,
  `updated_at` timestamp NULL DEFAULT NULL,
  PRIMARY KEY (`id`)
) ENGINE=InnoDB AUTO_INCREMENT=15 DEFAULT CHARSET=utf8mb4 COLLATE=utf8mb4_unicode_ci;
/*!40101 SET character_set_client = @saved_cs_client */;

--
-- Dumping data for table `nav_menus`
--

LOCK TABLES `nav_menus` WRITE;
/*!40000 ALTER TABLE `nav_menus` DISABLE KEYS */;
INSERT INTO `nav_menus` VALUES (1,'Dashboard','fas fa-home','/page_dashboard','[\"Developer\",\"ADMIN\",\"TESDS\",\"EA\",\"AED\",\"ED\",\"DDG\",\"DIVISION-CHIEF\",\"DIVISION-ADMIN\",\"DIVISION-SupervisingTESDS\",\"Sr-TESDS\"]','[\"DEV\",\"ODDG-PP\",\"EOD-PO\",\"EOD-QSO\",\"EOD-NITESD\",\"FOCTEST\",\"FOCTEST2\"]',0,0,'2025-11-03 22:19:19','2025-12-25 07:43:17'),(2,'User Management','fas fa-users','/page_usermanagement','[\"Developer\",\"ADMIN\",\"TESDS\",\"EA\",\"AED\",\"ED\",\"DDG\",\"DIVISION-CHIEF\",\"DIVISION-ADMIN\",\"DIVISION-SupervisingTESDS\",\"Sr-TESDS\"]','[\"DEV\",\"ODDG-PP\"]',0,3,'2025-11-03 22:19:19','2025-12-25 08:25:39'),(3,'Developer Option','fas fa-users','#','[\"Developer\"]','[\"DEV\",\"ODDG-PP\",\"EOD-PO\",\"EOD-QSO\",\"EOD-NITESD\",\"FOCAL-TEST\",\"FOCAL-TEST2\"]',0,6,'2025-11-03 22:19:19','2025-11-23 20:50:44'),(4,'Mailer',NULL,'/page_mailer','[\"Developer\"]','[\"DEV\",\"ODDG-PP\",\"EOD-PO\",\"EOD-QSO\",\"EOD-NITESD\",\"FOCAL-TEST\",\"FOCAL-TEST2\"]',3,1,'2025-11-03 22:19:19','2025-11-23 20:50:44'),(5,'Menus',NULL,'/page_menus','[\"Developer\"]','[\"DEV\",\"ODDG-PP\",\"EOD-PO\",\"EOD-QSO\",\"EOD-NITESD\",\"FOCAL-TEST\",\"FOCAL-TEST2\"]',3,2,'2025-11-03 22:19:19','2025-11-23 20:50:44'),(6,'Documents',NULL,'/page_documents','[\"Developer\",\"ADMIN\",\"TESDS\",\"EA\",\"AED\",\"ED\",\"DDG\",\"DIVISION-CHIEF\",\"DIVISION-ADMIN\",\"DIVISION-SupervisingTESDS\",\"Sr-TESDS\"]','[\"DEV\",\"ODDG-PP\",\"EOD-PO\",\"EOD-QSO\",\"EOD-NITESD\",\"FOCTEST\",\"FOCTEST2\"]',0,2,'2025-11-04 01:04:07','2025-12-25 07:43:23'),(7,'Reports',NULL,'#','[\"Developer\",\"ADMIN\",\"TESDS\",\"EA\",\"AED\",\"ED\",\"DDG\",\"DIVISION-CHIEF\",\"DIVISION-ADMIN\",\"DIVISION-SupervisingTESDS\",\"Sr-TESDS\"]','[\"DEV\",\"ODDG-PP\",\"EOD-PO\",\"EOD-QSO\",\"EOD-NITESD\",\"FOCTEST\",\"FOCTEST2\"]',0,5,'2025-11-04 01:04:47','2025-12-25 08:25:25'),(8,'For Approval',NULL,'/page_approvals','[\"Developer\",\"TESDS\",\"EA\",\"AED\",\"ED\",\"DDG\",\"DIVISION-CHIEF\",\"DIVISION-SupervisingTESDS\",\"Sr-TESDS\"]','[\"DEV\",\"ODDG-PP\",\"EOD-PO\",\"EOD-QSO\",\"EOD-NITESD\",\"FOCTEST\",\"FOCTEST2\"]',0,1,'2025-11-04 01:05:11','2025-12-25 07:43:20'),(9,'User Report',NULL,'/page_reports_users','[\"Developer\",\"ADMIN\",\"TESDS\",\"EA\",\"AED\",\"ED\",\"DDG\",\"DIVISION-CHIEF\",\"DIVISION-ADMIN\",\"DIVISION-SupervisingTESDS\",\"Sr-TESDS\"]','[\"DEV\",\"ODDG-PP\",\"EOD-PO\",\"EOD-QSO\",\"EOD-NITESD\",\"FOCTEST\",\"FOCTEST2\"]',7,1,'2025-11-04 01:05:48','2025-12-25 08:25:25'),(10,'Document Report',NULL,'/page_reports_documents','[\"Developer\",\"ADMIN\",\"TESDS\",\"EA\",\"AED\",\"ED\",\"DDG\",\"DIVISION-CHIEF\",\"DIVISION-ADMIN\",\"DIVISION-SupervisingTESDS\",\"Sr-TESDS\"]','[\"DEV\",\"ODDG-PP\",\"EOD-PO\",\"EOD-QSO\",\"EOD-NITESD\",\"FOCTEST\",\"FOCTEST2\"]',7,2,'2025-11-04 01:06:25','2025-12-25 08:25:25'),(11,'Settings',NULL,'/page_settings','[\"Developer\"]','[\"DEV\",\"ODDG-PP\",\"EOD-PO\",\"EOD-QSO\",\"EOD-NITESD\",\"FOCAL-TEST\",\"FOCAL-TEST2\"]',3,3,'2025-11-04 17:02:48','2025-11-23 20:50:44'),(14,'Finance Tracker',NULL,'page_finance_tracker','[\"Developer\",\"ADMIN\",\"TESDS\",\"EA\",\"AED\",\"ED\",\"DDG\",\"DIVISION-CHIEF\",\"DIVISION-ADMIN\",\"DIVISION-SupervisingTESDS\",\"Sr-TESDS\"]','[\"DEV\",\"ODDG-PP\",\"EOD-PO\",\"EOD-QSO\",\"EOD-NITESD\",\"FOCTEST\",\"FOCTEST2\"]',0,4,'2026-01-13 12:59:28','2026-01-13 12:59:54');
/*!40000 ALTER TABLE `nav_menus` ENABLE KEYS */;
UNLOCK TABLES;

--
-- Table structure for table `notifications`
--

DROP TABLE IF EXISTS `notifications`;
/*!40101 SET @saved_cs_client     = @@character_set_client */;
/*!40101 SET character_set_client = utf8 */;
CREATE TABLE `notifications` (
  `id` bigint(20) unsigned NOT NULL AUTO_INCREMENT,
  `office_origin` varchar(255) COLLATE utf8mb4_unicode_ci DEFAULT NULL,
  `destination_office` varchar(255) COLLATE utf8mb4_unicode_ci DEFAULT NULL,
  `routed_to` int(11) DEFAULT NULL,
  `document_id` bigint(20) unsigned NOT NULL,
  `user_id` bigint(20) unsigned NOT NULL,
  `from_user_id` varchar(10) COLLATE utf8mb4_unicode_ci DEFAULT NULL,
  `message` text COLLATE utf8mb4_unicode_ci NOT NULL,
  `is_read` tinyint(1) NOT NULL DEFAULT 0,
  `created_at` timestamp NULL DEFAULT NULL,
  `updated_at` timestamp NULL DEFAULT NULL,
  PRIMARY KEY (`id`),
  KEY `notifications_document_id_foreign` (`document_id`),
  KEY `notifications_user_id_foreign` (`user_id`),
  CONSTRAINT `notifications_document_id_foreign` FOREIGN KEY (`document_id`) REFERENCES `documents` (`document_id`) ON DELETE CASCADE,
  CONSTRAINT `notifications_user_id_foreign` FOREIGN KEY (`user_id`) REFERENCES `users` (`id`) ON DELETE CASCADE
) ENGINE=InnoDB AUTO_INCREMENT=571 DEFAULT CHARSET=utf8mb4 COLLATE=utf8mb4_unicode_ci;
/*!40101 SET character_set_client = @saved_cs_client */;

--
-- Dumping data for table `notifications`
--

LOCK TABLES `notifications` WRITE;
/*!40000 ALTER TABLE `notifications` DISABLE KEYS */;
INSERT INTO `notifications` VALUES (457,'EOD-PO','ODDG-PP',NULL,174,17,'22','New document uploaded: 123',1,'2026-01-04 14:30:50','2026-01-16 00:27:05'),(458,'EOD-PO','ODDG-PP',NULL,174,18,'22','New document uploaded: 123',0,'2026-01-04 14:30:50','2026-01-04 14:30:50'),(459,'EOD-PO','ODDG-PP',NULL,174,22,'17','17 has confirmed receipt of the document',1,'2026-01-04 14:31:03','2026-01-16 00:31:44'),(460,'EOD-PO','ODDG-PP',NULL,174,20,'17','04012026-00001 has been routed you by  test.ppadmin01 for approval',1,'2026-01-04 17:50:00','2026-01-04 17:50:41'),(461,'EOD-PO','ODDG-PP',NULL,174,34,'20','04012026-00001 has been routed to you for approval',1,'2026-01-04 17:51:27','2026-01-18 05:43:44'),(462,'EOD-PO','ODDG-PP',NULL,174,17,'34','123 Has been approved. you may route this to the origin office',1,'2026-01-04 17:52:19','2026-01-16 00:27:05'),(463,'EOD-PO','ODDG-PP',NULL,174,18,'34','123 Has been approved. you may route this to the origin office',0,'2026-01-04 17:52:19','2026-01-04 17:52:19'),(464,'EOD-PO','EOD-PO',NULL,174,22,'17','04012026-00001 has been signed ',1,'2026-01-04 17:54:05','2026-01-16 00:31:44'),(465,'EOD-PO','EOD-PO',NULL,174,23,'17','04012026-00001 has been signed ',0,'2026-01-04 17:54:05','2026-01-04 17:54:05'),(466,'EOD-PO','EOD-PO',NULL,174,22,'22','22 has confirmed receipt of the document',1,'2026-01-04 17:54:48','2026-01-16 00:31:44'),(467,'ODDG-PP','ODDG-PP',NULL,175,17,'17','New document uploaded: test33',1,'2026-01-06 04:03:50','2026-01-16 00:27:05'),(468,'ODDG-PP','ODDG-PP',NULL,175,18,'17','New document uploaded: test33',0,'2026-01-06 04:03:50','2026-01-06 04:03:50'),(469,'ODDG-PP','ODDG-PP',NULL,176,17,'17','New document uploaded: test5',1,'2026-01-06 04:09:15','2026-01-16 00:27:05'),(470,'ODDG-PP','ODDG-PP',NULL,176,18,'17','New document uploaded: test5',0,'2026-01-06 04:09:15','2026-01-06 04:09:15'),(471,'ODDG-PP','ODDG-PP',NULL,177,17,'17','New document uploaded: tes6',1,'2026-01-06 04:11:08','2026-01-16 00:27:05'),(472,'ODDG-PP','ODDG-PP',NULL,177,18,'17','New document uploaded: tes6',0,'2026-01-06 04:11:08','2026-01-06 04:11:08'),(473,'ODDG-PP','ODDG-PP',NULL,175,17,'17','17 has confirmed receipt of the document',1,'2026-01-06 04:35:09','2026-01-16 00:27:05'),(474,'ODDG-PP','ODDG-PP',NULL,176,17,'17','17 has confirmed receipt of the document',1,'2026-01-06 04:35:14','2026-01-16 00:27:05'),(475,'ODDG-PP','ODDG-PP',NULL,177,17,'17','17 has confirmed receipt of the document',1,'2026-01-06 04:35:17','2026-01-16 00:27:05'),(476,'ODDG-PP','EOD-PO',NULL,175,22,'17','06012026-00001 has been routed to EOD-PO by  test.ppadmin01',1,'2026-01-06 04:35:39','2026-01-16 00:31:44'),(477,'ODDG-PP','EOD-PO',NULL,175,23,'17','06012026-00001 has been routed to EOD-PO by  test.ppadmin01',0,'2026-01-06 04:35:39','2026-01-06 04:35:39'),(478,'ODDG-PP','EOD-PO',NULL,176,22,'17','06012026-00002 has been routed to EOD-PO by  test.ppadmin01',1,'2026-01-06 04:41:08','2026-01-16 00:31:44'),(479,'ODDG-PP','EOD-PO',NULL,176,23,'17','06012026-00002 has been routed to EOD-PO by  test.ppadmin01',0,'2026-01-06 04:41:08','2026-01-06 04:41:08'),(480,'ODDG-PP','EOD-PO',NULL,177,22,'17','06012026-00003 has been signed ',1,'2026-01-06 04:42:10','2026-01-16 00:31:44'),(481,'ODDG-PP','EOD-PO',NULL,177,23,'17','06012026-00003 has been signed ',0,'2026-01-06 04:42:10','2026-01-06 04:42:10'),(482,'ODDG-PP','ODDG-PP',NULL,178,17,'17','New document uploaded: 12313',1,'2026-01-08 13:54:13','2026-01-16 00:27:05'),(483,'ODDG-PP','ODDG-PP',NULL,178,18,'17','New document uploaded: 12313',0,'2026-01-08 13:54:13','2026-01-08 13:54:13'),(484,'ODDG-PP','ODDG-PP',NULL,179,17,'17','New document uploaded: 123qs',1,'2026-01-08 13:56:08','2026-01-16 00:27:05'),(485,'ODDG-PP','ODDG-PP',NULL,179,18,'17','New document uploaded: 123qs',0,'2026-01-08 13:56:08','2026-01-08 13:56:08'),(486,'ODDG-PP','ODDG-PP',NULL,179,17,'17','17 has confirmed receipt of the document',1,'2026-01-15 13:28:44','2026-01-16 00:27:05'),(487,'EOD-PO','ODDG-PP',NULL,180,17,'22','New document uploaded: test',1,'2026-01-15 13:29:41','2026-01-16 00:27:05'),(488,'EOD-PO','ODDG-PP',NULL,180,18,'22','New document uploaded: test',0,'2026-01-15 13:29:41','2026-01-15 13:29:41'),(489,'EOD-PO','ODDG-PP',NULL,180,22,'17','17 has confirmed receipt of the document',1,'2026-01-15 13:30:10','2026-01-16 00:31:44'),(490,'EOD-PO','ODDG-PP',NULL,181,17,'22','New document uploaded: test',1,'2026-01-15 13:41:44','2026-01-16 00:27:05'),(491,'EOD-PO','ODDG-PP',NULL,181,18,'22','New document uploaded: test',0,'2026-01-15 13:41:44','2026-01-15 13:41:44'),(492,'EOD-PO','ODDG-PP',NULL,181,22,'17','17 has confirmed receipt of the document',1,'2026-01-15 14:15:21','2026-01-16 00:31:44'),(493,'EOD-PO','ODDG-PP',NULL,182,17,'22','New document uploaded: test123',1,'2026-01-15 14:15:55','2026-01-16 00:27:05'),(494,'EOD-PO','ODDG-PP',NULL,182,18,'22','New document uploaded: test123',0,'2026-01-15 14:15:55','2026-01-15 14:15:55'),(495,'EOD-PO','ODDG-PP',NULL,182,22,'17','17 has confirmed receipt of the document',1,'2026-01-15 14:16:40','2026-01-16 00:31:44'),(496,'EOD-PO','ODDG-PP',NULL,182,22,'17','17 has confirmed receipt of the document',1,'2026-01-15 14:17:51','2026-01-16 00:31:44'),(497,'EOD-PO','ODDG-PP',NULL,183,17,'22','New document uploaded: asdsad',1,'2026-01-15 14:21:26','2026-01-16 00:27:05'),(498,'EOD-PO','ODDG-PP',NULL,183,18,'22','New document uploaded: asdsad',0,'2026-01-15 14:21:26','2026-01-15 14:21:26'),(499,'EOD-PO','ODDG-PP',NULL,183,22,'17','17 has confirmed receipt of the document',1,'2026-01-15 14:21:45','2026-01-16 00:31:44'),(500,'EOD-PO','ODDG-PP',NULL,184,17,'22','New document uploaded: test',1,'2026-01-15 14:33:39','2026-01-16 00:27:05'),(501,'EOD-PO','ODDG-PP',NULL,184,18,'22','New document uploaded: test',0,'2026-01-15 14:33:39','2026-01-15 14:33:39'),(502,'EOD-PO','ODDG-PP',NULL,184,22,'17','17 has confirmed receipt of the document',1,'2026-01-15 14:34:02','2026-01-16 00:31:44'),(503,'EOD-PO','ODDG-PP',NULL,184,22,'17','17 has confirmed receipt of the document',1,'2026-01-15 14:34:20','2026-01-16 00:31:44'),(504,'EOD-PO','ODDG-PP',NULL,184,22,'17','17 has confirmed receipt of the document',1,'2026-01-15 14:34:22','2026-01-16 00:31:44'),(505,'EOD-PO','ODDG-PP',NULL,184,22,'17','17 has confirmed receipt of the document',1,'2026-01-15 14:34:26','2026-01-16 00:31:44'),(506,'EOD-PO','ODDG-PP',NULL,184,22,'17','17 has confirmed receipt of the document',1,'2026-01-15 14:34:44','2026-01-16 00:31:44'),(507,'EOD-PO','ODDG-PP',NULL,185,17,'22','New document uploaded: asdasd',1,'2026-01-15 14:37:58','2026-01-16 00:27:05'),(508,'EOD-PO','ODDG-PP',NULL,185,18,'22','New document uploaded: asdasd',0,'2026-01-15 14:37:58','2026-01-15 14:37:58'),(509,'EOD-PO','ODDG-PP',NULL,185,22,'17','17 has confirmed receipt of the document',1,'2026-01-15 14:38:19','2026-01-16 00:31:44'),(510,'EOD-PO','ODDG-PP',NULL,186,17,'22','New document uploaded: vvvv',1,'2026-01-15 15:18:06','2026-01-16 00:27:05'),(511,'EOD-PO','ODDG-PP',NULL,186,18,'22','New document uploaded: vvvv',0,'2026-01-15 15:18:06','2026-01-15 15:18:06'),(512,'EOD-PO','ODDG-PP',NULL,186,22,'17','17 has confirmed receipt of the document',1,'2026-01-15 15:19:23','2026-01-16 00:31:44'),(513,'EOD-PO','ODDG-PP',NULL,186,22,'17','17 has confirmed receipt of the document',1,'2026-01-15 15:20:44','2026-01-16 00:31:44'),(514,'EOD-PO','ODDG-PP',NULL,186,22,'17','17 has confirmed receipt of the document',1,'2026-01-15 15:20:58','2026-01-16 00:31:44'),(515,'EOD-PO','ODDG-PP',NULL,186,22,'17','17 has confirmed receipt of the document',1,'2026-01-15 15:21:08','2026-01-16 00:31:44'),(516,'EOD-PO','ODDG-PP',NULL,186,22,'17','17 has confirmed receipt of the document',1,'2026-01-15 15:21:12','2026-01-16 00:31:44'),(517,'EOD-PO','ODDG-PP',NULL,187,17,'22','New document uploaded: dddd',1,'2026-01-15 15:22:20','2026-01-16 00:27:05'),(518,'EOD-PO','ODDG-PP',NULL,187,18,'22','New document uploaded: dddd',0,'2026-01-15 15:22:20','2026-01-15 15:22:20'),(519,'EOD-PO','ODDG-PP',NULL,187,22,'17','17 has confirmed receipt of the document',1,'2026-01-15 15:22:41','2026-01-16 00:31:44'),(520,'EOD-PO','ODDG-PP',NULL,188,17,'22','New document uploaded: test',1,'2026-01-15 15:26:25','2026-01-16 00:27:05'),(521,'EOD-PO','ODDG-PP',NULL,188,18,'22','New document uploaded: test',0,'2026-01-15 15:26:25','2026-01-15 15:26:25'),(522,'EOD-PO','ODDG-PP',NULL,188,22,'17','17 has confirmed receipt of the document',1,'2026-01-15 15:26:34','2026-01-16 00:31:44'),(523,'EOD-PO','ODDG-PP',NULL,189,17,'22','New document uploaded: asdada',1,'2026-01-15 15:31:12','2026-01-16 00:27:05'),(524,'EOD-PO','ODDG-PP',NULL,189,18,'22','New document uploaded: asdada',0,'2026-01-15 15:31:12','2026-01-15 15:31:12'),(525,'EOD-PO','ODDG-PP',NULL,189,22,'17','17 has confirmed receipt of the document',1,'2026-01-15 15:31:37','2026-01-16 00:31:44'),(526,'EOD-PO','ODDG-PP',NULL,189,19,'17','15012026-00010 has been routed you by  test.ppadmin01 for approval',1,'2026-01-15 15:38:50','2026-01-18 01:47:20'),(527,'EOD-PO','ODDG-PP',NULL,189,19,'17','15012026-00010 has been routed you by  test.ppadmin01 for approval',1,'2026-01-15 15:38:51','2026-01-18 01:47:20'),(528,'EOD-PO','ODDG-PP',NULL,189,19,'17','15012026-00010 has been routed you by  test.ppadmin01 for approval',1,'2026-01-15 15:38:52','2026-01-18 01:47:20'),(529,'EOD-PO','ODDG-PP',NULL,188,19,'17','15012026-00009 has been routed you by  test.ppadmin01 for approval',1,'2026-01-15 15:39:38','2026-01-18 01:47:20'),(530,'EOD-PO','ODDG-PP',NULL,190,17,'22','New document uploaded: test',1,'2026-01-15 21:56:31','2026-01-16 00:27:05'),(531,'EOD-PO','ODDG-PP',NULL,190,18,'22','New document uploaded: test',0,'2026-01-15 21:56:31','2026-01-15 21:56:31'),(532,'EOD-PO','ODDG-PP',NULL,190,22,'17','17 has confirmed receipt of the document',1,'2026-01-15 21:56:40','2026-01-16 00:31:44'),(533,'EOD-PO','ODDG-PP',NULL,190,19,'17','16012026-00001 has been routed you by  test.ppadmin01 for approval',1,'2026-01-15 22:09:35','2026-01-18 01:47:20'),(534,'EOD-PO','ODDG-PP',NULL,190,19,'17','16012026-00001 has been routed you by  test.ppadmin01 for approval',1,'2026-01-15 22:09:40','2026-01-18 01:47:20'),(535,'EOD-PO','ODDG-PP',NULL,190,19,'17','16012026-00001 has been routed you by  test.ppadmin01 for approval',1,'2026-01-15 22:09:42','2026-01-18 01:47:20'),(536,'EOD-PO','ODDG-PP',NULL,190,19,'17','16012026-00001 has been routed you by  test.ppadmin01 for approval',1,'2026-01-15 22:09:43','2026-01-18 01:47:20'),(537,'EOD-PO','ODDG-PP',NULL,187,19,'17','15012026-00008 has been routed you by  test.ppadmin01 for approval',1,'2026-01-15 22:12:35','2026-01-18 01:47:20'),(538,'EOD-PO','ODDG-PP',NULL,186,19,'17','15012026-00007 has been routed you by  test.ppadmin01 for approval',1,'2026-01-15 22:13:02','2026-01-18 01:47:20'),(539,'EOD-PO','ODDG-PP',NULL,185,19,'17','15012026-00006 has been routed you by  test.ppadmin01 for approval',1,'2026-01-15 22:13:41','2026-01-18 01:47:20'),(540,'EOD-PO','ODDG-PP',NULL,191,17,'22','New document uploaded: asdasads',1,'2026-01-15 22:16:15','2026-01-16 00:27:05'),(541,'EOD-PO','ODDG-PP',NULL,191,18,'22','New document uploaded: asdasads',0,'2026-01-15 22:16:15','2026-01-15 22:16:15'),(542,'EOD-PO','ODDG-PP',NULL,192,17,'22','New document uploaded: asdasd',1,'2026-01-15 22:17:55','2026-01-16 00:27:05'),(543,'EOD-PO','ODDG-PP',NULL,192,18,'22','New document uploaded: asdasd',0,'2026-01-15 22:17:55','2026-01-15 22:17:55'),(544,'EOD-PO','ODDG-PP',NULL,193,17,'22','New document uploaded: asdasda',1,'2026-01-15 22:18:29','2026-01-16 00:27:05'),(545,'EOD-PO','ODDG-PP',NULL,193,18,'22','New document uploaded: asdasda',0,'2026-01-15 22:18:29','2026-01-15 22:18:29'),(546,'EOD-PO','ODDG-PP',NULL,193,22,'17','17 has confirmed receipt of the document',1,'2026-01-15 22:18:35','2026-01-16 00:31:44'),(547,'EOD-PO','ODDG-PP',NULL,192,22,'17','17 has confirmed receipt of the document',1,'2026-01-15 22:18:37','2026-01-16 00:31:44'),(548,'EOD-PO','ODDG-PP',NULL,191,22,'17','17 has confirmed receipt of the document',1,'2026-01-15 22:20:06','2026-01-16 00:31:44'),(549,'EOD-PO','ODDG-PP',NULL,194,17,'22','New document uploaded: asdasdas',1,'2026-01-15 22:20:24','2026-01-16 00:27:05'),(550,'EOD-PO','ODDG-PP',NULL,194,18,'22','New document uploaded: asdasdas',0,'2026-01-15 22:20:24','2026-01-15 22:20:24'),(551,'EOD-PO','ODDG-PP',NULL,195,17,'22','New document uploaded: asdasdas',1,'2026-01-15 22:20:44','2026-01-16 00:27:05'),(552,'EOD-PO','ODDG-PP',NULL,195,18,'22','New document uploaded: asdasdas',0,'2026-01-15 22:20:44','2026-01-15 22:20:44'),(553,'EOD-PO','ODDG-PP',NULL,194,22,'17','17 has confirmed receipt of the document',1,'2026-01-15 22:20:49','2026-01-16 00:31:44'),(554,'EOD-PO','ODDG-PP',NULL,194,19,'17','16012026-00005 has been routed you by  test.ppadmin01 for approval',1,'2026-01-15 22:21:01','2026-01-18 01:47:20'),(555,'EOD-PO','ODDG-PP',NULL,194,19,'17','16012026-00005 has been routed you by  test.ppadmin01 for approval',1,'2026-01-15 22:21:02','2026-01-18 01:47:20'),(556,'EOD-PO','ODDG-PP',NULL,195,22,'17','17 has confirmed receipt of the document',1,'2026-01-15 22:24:02','2026-01-16 00:31:44'),(557,'EOD-PO','ODDG-PP',NULL,195,19,'17','16012026-00006 has been routed you by  test.ppadmin01 for approval',1,'2026-01-15 22:24:10','2026-01-18 01:47:20'),(558,'EOD-PO','ODDG-PP',NULL,191,19,'17','16012026-00002 has been routed you by  test.ppadmin01 for approval',1,'2026-01-15 22:28:18','2026-01-18 01:47:20'),(559,'EOD-PO','ODDG-PP',NULL,192,19,'17','16012026-00003 has been routed you by  test.ppadmin01 for approval',1,'2026-01-15 22:28:31','2026-01-18 01:47:20'),(560,'EOD-PO','ODDG-PP',NULL,192,20,'19','16012026-00003 has been routed to you for approval',0,'2026-01-16 00:20:12','2026-01-16 00:20:12'),(561,'EOD-PO','ODDG-PP',NULL,193,19,'17','16012026-00004 has been routed you by  test.ppadmin01 for approval',1,'2026-01-18 01:46:41','2026-01-18 01:47:20'),(562,'EOD-PO','ODDG-PP',NULL,193,34,'19','16012026-00004 has been routed to you for approval',1,'2026-01-18 01:48:06','2026-01-18 05:43:44'),(563,'EOD-PO','ODDG-PP',NULL,196,17,'22','New document uploaded: testing',0,'2026-01-18 21:48:57','2026-01-18 21:48:57'),(564,'EOD-PO','ODDG-PP',NULL,196,18,'22','New document uploaded: testing',0,'2026-01-18 21:49:02','2026-01-18 21:49:02'),(565,'ODDG-PP','DEV',NULL,197,16,'17','New document uploaded: @#!',0,'2026-01-24 02:23:14','2026-01-24 02:23:14'),(566,'ODDG-PP','DEV',NULL,197,35,'17','New document uploaded: @#!',0,'2026-01-24 02:23:21','2026-01-24 02:23:21'),(567,'ODDG-PP','DEV',NULL,197,36,'17','New document uploaded: @#!',0,'2026-01-24 02:23:23','2026-01-24 02:23:23'),(568,'EOD-PO','ODDG-PP',NULL,196,22,'17','17 has confirmed receipt of the document',0,'2026-01-24 02:28:40','2026-01-24 02:28:40'),(569,'EOD-PO','ODDG-PP',NULL,184,21,'17','15012026-00005 has been routed you by  test.ppadmin01 for approval',0,'2026-01-24 02:30:14','2026-01-24 02:30:14'),(570,'EOD-PO','ODDG-PP',NULL,184,34,'21','15012026-00005 has been routed to you for approval',0,'2026-01-24 02:31:26','2026-01-24 02:31:26');
/*!40000 ALTER TABLE `notifications` ENABLE KEYS */;
UNLOCK TABLES;

--
-- Table structure for table `office_table`
--

DROP TABLE IF EXISTS `office_table`;
/*!40101 SET @saved_cs_client     = @@character_set_client */;
/*!40101 SET character_set_client = utf8 */;
CREATE TABLE `office_table` (
  `office_id` int(10) unsigned NOT NULL AUTO_INCREMENT,
  `office_name` varchar(100) COLLATE utf8mb4_unicode_ci NOT NULL,
  `office_code` varchar(20) COLLATE utf8mb4_unicode_ci NOT NULL,
  `parent_office_id` int(11) DEFAULT NULL,
  `office_level` tinyint(4) NOT NULL DEFAULT 1,
  `created_at` timestamp NOT NULL DEFAULT current_timestamp(),
  PRIMARY KEY (`office_id`),
  UNIQUE KEY `office_table_office_code_unique` (`office_code`)
) ENGINE=InnoDB AUTO_INCREMENT=16 DEFAULT CHARSET=utf8mb4 COLLATE=utf8mb4_unicode_ci;
/*!40101 SET character_set_client = @saved_cs_client */;

--
-- Dumping data for table `office_table`
--

LOCK TABLES `office_table` WRITE;
/*!40000 ALTER TABLE `office_table` DISABLE KEYS */;
INSERT INTO `office_table` VALUES (5,'DEV','DEV',NULL,1,'2025-11-24 02:28:10'),(6,'ODDG-PP','ODDG-PP',NULL,1,'2025-11-23 18:35:37'),(13,'QSO','QSO',6,2,'2026-01-24 05:33:38'),(14,'QSO-CTADD','QSO-CTADD',13,3,'2026-01-24 05:33:52'),(15,'QSO-CSDD','QSO-CSDD',13,3,'2026-01-24 05:34:03');
/*!40000 ALTER TABLE `office_table` ENABLE KEYS */;
UNLOCK TABLES;

--
-- Table structure for table `password_reset_tokens`
--

DROP TABLE IF EXISTS `password_reset_tokens`;
/*!40101 SET @saved_cs_client     = @@character_set_client */;
/*!40101 SET character_set_client = utf8 */;
CREATE TABLE `password_reset_tokens` (
  `email` varchar(255) COLLATE utf8mb4_unicode_ci NOT NULL,
  `token` varchar(255) COLLATE utf8mb4_unicode_ci NOT NULL,
  `created_at` timestamp NULL DEFAULT NULL,
  PRIMARY KEY (`email`)
) ENGINE=InnoDB DEFAULT CHARSET=utf8mb4 COLLATE=utf8mb4_unicode_ci;
/*!40101 SET character_set_client = @saved_cs_client */;

--
-- Dumping data for table `password_reset_tokens`
--

LOCK TABLES `password_reset_tokens` WRITE;
/*!40000 ALTER TABLE `password_reset_tokens` DISABLE KEYS */;
/*!40000 ALTER TABLE `password_reset_tokens` ENABLE KEYS */;
UNLOCK TABLES;

--
-- Table structure for table `personal_access_tokens`
--

DROP TABLE IF EXISTS `personal_access_tokens`;
/*!40101 SET @saved_cs_client     = @@character_set_client */;
/*!40101 SET character_set_client = utf8 */;
CREATE TABLE `personal_access_tokens` (
  `id` bigint(20) unsigned NOT NULL AUTO_INCREMENT,
  `tokenable_type` varchar(255) COLLATE utf8mb4_unicode_ci NOT NULL,
  `tokenable_id` bigint(20) unsigned NOT NULL,
  `name` varchar(255) COLLATE utf8mb4_unicode_ci NOT NULL,
  `token` varchar(64) COLLATE utf8mb4_unicode_ci NOT NULL,
  `abilities` text COLLATE utf8mb4_unicode_ci DEFAULT NULL,
  `last_used_at` timestamp NULL DEFAULT NULL,
  `expires_at` timestamp NULL DEFAULT NULL,
  `created_at` timestamp NULL DEFAULT NULL,
  `updated_at` timestamp NULL DEFAULT NULL,
  PRIMARY KEY (`id`),
  UNIQUE KEY `personal_access_tokens_token_unique` (`token`),
  KEY `personal_access_tokens_tokenable_type_tokenable_id_index` (`tokenable_type`,`tokenable_id`)
) ENGINE=InnoDB DEFAULT CHARSET=utf8mb4 COLLATE=utf8mb4_unicode_ci;
/*!40101 SET character_set_client = @saved_cs_client */;

--
-- Dumping data for table `personal_access_tokens`
--

LOCK TABLES `personal_access_tokens` WRITE;
/*!40000 ALTER TABLE `personal_access_tokens` DISABLE KEYS */;
/*!40000 ALTER TABLE `personal_access_tokens` ENABLE KEYS */;
UNLOCK TABLES;

--
-- Table structure for table `setting_role`
--

DROP TABLE IF EXISTS `setting_role`;
/*!40101 SET @saved_cs_client     = @@character_set_client */;
/*!40101 SET character_set_client = utf8 */;
CREATE TABLE `setting_role` (
  `id` bigint(20) unsigned NOT NULL AUTO_INCREMENT,
  `role_name` varchar(255) COLLATE utf8mb4_unicode_ci NOT NULL,
  PRIMARY KEY (`id`)
) ENGINE=InnoDB AUTO_INCREMENT=5 DEFAULT CHARSET=utf8mb4 COLLATE=utf8mb4_unicode_ci;
/*!40101 SET character_set_client = @saved_cs_client */;

--
-- Dumping data for table `setting_role`
--

LOCK TABLES `setting_role` WRITE;
/*!40000 ALTER TABLE `setting_role` DISABLE KEYS */;
INSERT INTO `setting_role` VALUES (1,'superadmin'),(2,'admin'),(3,'user'),(4,'developer');
/*!40000 ALTER TABLE `setting_role` ENABLE KEYS */;
UNLOCK TABLES;

--
-- Table structure for table `themes`
--

DROP TABLE IF EXISTS `themes`;
/*!40101 SET @saved_cs_client     = @@character_set_client */;
/*!40101 SET character_set_client = utf8 */;
CREATE TABLE `themes` (
  `id` bigint(20) unsigned NOT NULL AUTO_INCREMENT,
  `logo` varchar(255) COLLATE utf8mb4_unicode_ci DEFAULT NULL,
  `primary_color` varchar(255) COLLATE utf8mb4_unicode_ci NOT NULL DEFAULT '#1d4ed8',
  `secondary_color` varchar(255) COLLATE utf8mb4_unicode_ci NOT NULL DEFAULT '#64748b',
  `highlight_color` varchar(255) COLLATE utf8mb4_unicode_ci NOT NULL DEFAULT '#f59e0b',
  `accent_color` varchar(255) COLLATE utf8mb4_unicode_ci NOT NULL DEFAULT '#10b981',
  `created_at` timestamp NULL DEFAULT NULL,
  `updated_at` timestamp NULL DEFAULT NULL,
  PRIMARY KEY (`id`)
) ENGINE=InnoDB AUTO_INCREMENT=2 DEFAULT CHARSET=utf8mb4 COLLATE=utf8mb4_unicode_ci;
/*!40101 SET character_set_client = @saved_cs_client */;

--
-- Dumping data for table `themes`
--

LOCK TABLES `themes` WRITE;
/*!40000 ALTER TABLE `themes` DISABLE KEYS */;
INSERT INTO `themes` VALUES (1,'logo.png','#1d4ed8','#64748b','#f59e0b','#10b981',NULL,NULL);
/*!40000 ALTER TABLE `themes` ENABLE KEYS */;
UNLOCK TABLES;

--
-- Table structure for table `userconfig_table`
--

DROP TABLE IF EXISTS `userconfig_table`;
/*!40101 SET @saved_cs_client     = @@character_set_client */;
/*!40101 SET character_set_client = utf8 */;
CREATE TABLE `userconfig_table` (
  `id` int(10) unsigned NOT NULL AUTO_INCREMENT,
  `designation` varchar(100) COLLATE utf8mb4_unicode_ci NOT NULL,
  `approval_type` enum('pre-approval','final-approval','routing') COLLATE utf8mb4_unicode_ci NOT NULL,
  `created_at` timestamp NULL DEFAULT NULL,
  `updated_at` timestamp NULL DEFAULT NULL,
  PRIMARY KEY (`id`)
) ENGINE=InnoDB AUTO_INCREMENT=25 DEFAULT CHARSET=utf8mb4 COLLATE=utf8mb4_unicode_ci;
/*!40101 SET character_set_client = @saved_cs_client */;

--
-- Dumping data for table `userconfig_table`
--

LOCK TABLES `userconfig_table` WRITE;
/*!40000 ALTER TABLE `userconfig_table` DISABLE KEYS */;
INSERT INTO `userconfig_table` VALUES (13,'Developer','routing',NULL,NULL),(14,'ADMIN','routing','2025-11-23 18:36:30','2025-11-23 18:36:30'),(15,'TESDS','pre-approval','2025-11-23 18:36:45','2025-11-23 18:36:45'),(16,'EA','pre-approval','2025-11-23 18:36:56','2025-11-23 18:36:56'),(17,'AED','pre-approval','2025-11-23 18:37:02','2025-11-23 18:37:02'),(18,'ED','final-approval','2025-11-23 18:37:13','2025-11-23 18:37:13'),(19,'DDG','final-approval','2025-11-23 18:37:19','2025-11-23 18:37:19'),(20,'DIVISION-CHIEF','final-approval','2025-11-23 18:40:23','2025-11-23 18:40:23'),(21,'DIVISION-ADMIN','routing','2025-11-23 18:40:31','2025-11-23 18:40:31'),(23,'DIVISION-SupervisingTESDS','pre-approval','2025-11-23 18:41:38','2025-11-23 18:41:38'),(24,'Sr-TESDS','pre-approval','2025-11-23 18:48:21','2025-11-23 18:48:21');
/*!40000 ALTER TABLE `userconfig_table` ENABLE KEYS */;
UNLOCK TABLES;

--
-- Table structure for table `users`
--

DROP TABLE IF EXISTS `users`;
/*!40101 SET @saved_cs_client     = @@character_set_client */;
/*!40101 SET character_set_client = utf8 */;
CREATE TABLE `users` (
  `id` bigint(20) unsigned NOT NULL AUTO_INCREMENT,
  `name` varchar(255) COLLATE utf8mb4_unicode_ci NOT NULL,
  `email` varchar(255) COLLATE utf8mb4_unicode_ci NOT NULL,
  `email_verified_at` timestamp NULL DEFAULT NULL,
  `password` varchar(255) COLLATE utf8mb4_unicode_ci NOT NULL,
  `remember_token` varchar(100) COLLATE utf8mb4_unicode_ci DEFAULT NULL,
  `created_at` timestamp NULL DEFAULT NULL,
  `updated_at` timestamp NULL DEFAULT NULL,
  `role` varchar(255) COLLATE utf8mb4_unicode_ci NOT NULL DEFAULT 'user',
  `role_id` bigint(20) unsigned NOT NULL DEFAULT 0,
  `authorize_signatory` int(11) NOT NULL DEFAULT 0,
  `status` varchar(20) COLLATE utf8mb4_unicode_ci NOT NULL DEFAULT 'active',
  `office_id` bigint(20) unsigned DEFAULT 0,
  PRIMARY KEY (`id`),
  UNIQUE KEY `users_email_unique` (`email`)
) ENGINE=InnoDB AUTO_INCREMENT=37 DEFAULT CHARSET=utf8mb4 COLLATE=utf8mb4_unicode_ci;
/*!40101 SET character_set_client = @saved_cs_client */;

--
-- Dumping data for table `users`
--

LOCK TABLES `users` WRITE;
/*!40000 ALTER TABLE `users` DISABLE KEYS */;
INSERT INTO `users` VALUES (16,'Developer','dev@email.com',NULL,'$2y$12$yT3r2NqonCYaWZXW0g1yH.mFjT3OHjfDDp/2sA3goMvX6jAAI4tDW',NULL,NULL,NULL,'Developer',13,0,'active',5),(17,'test.ppadmin01','test.ppadmin01@email.com',NULL,'$2y$12$yT3r2NqonCYaWZXW0g1yH.mFjT3OHjfDDp/2sA3goMvX6jAAI4tDW','pmHmYZorNSKJ4Wz6X5q1rbLVxuvdZqZrI5Z4abshNEALLvRVC4okInBZrScN','2025-11-23 18:42:48','2025-11-23 19:03:19','ADMIN',14,0,'active',6),(18,'test.ppadmin02','test.ppadmin02@email.com',NULL,'$2y$12$vuOFF1ezbJUR2SmWkEaI8ejL1LgD9DHDTK3ReF8aybncbDHPRZ/XC',NULL,'2025-11-23 18:43:38','2026-01-04 16:08:22','ADMIN',14,0,'active',6),(19,'test.pptesds','test.pptesds@email.com',NULL,'$2y$12$UDClpn40rMoi.ehSIs8P6.pkZ6rA0FzsxwkRRzM8gwOfdVoggZYT2',NULL,'2025-11-23 18:46:53','2025-11-23 18:46:53','TESDS',15,0,'active',6),(20,'test.ppea','test.ppea@email.com',NULL,'$2y$12$AeKor24wVdeCCXBbLj/Rc.6KGmgTO7.HU5wgxrOEm2yGnZUmJziRC','ax0r32B9LCblpxjI3Pi9nufdOk7m1ALHzvKwe1kzQxaxcFAD5n3rm6fJYWMK','2025-11-23 18:47:18','2025-11-23 18:47:18','EA',16,0,'active',6),(21,'test.ppsrtesds','test.ppsrtesds@email.com',NULL,'$2y$12$a40g6rhhvns/zpzEQzHMyOqpI2Lyfq5piaDuMwf4UP14y6YQ.mP7u','kwtXkyMoIAyJ8hLcHw2cjyKvbNBUnPcYUiM4TL7Euh0i20OIIpwtzECUSQf2','2025-11-23 18:49:02','2025-11-23 18:49:02','Sr-TESDS',24,0,'active',6),(22,'test.poadmin01','test.poadmin01@email.com',NULL,'$2y$12$Z7U/Iz8EX14H12ScKKGlWui/sDQwyjg8uQY6sUd1tFqFSCyUG5DYa',NULL,'2025-11-23 18:49:19','2025-11-23 18:49:19','ADMIN',14,0,'active',7),(23,'test.poadmin02','test.poadmin02@email.com',NULL,'$2y$12$X1/s.sOXV8.Lzx.GSui3hezVPrpMyqVc9YwXmmPZM/y7sIW83kwjW',NULL,'2025-11-23 18:49:37','2026-01-04 16:23:58','ADMIN',14,0,'active',7),(24,'test-poaed','test.poaed@email.com',NULL,'$2y$12$t5ag0dK6EpPaM3o2/xo3c.s04.mm6dYQH2vKlT4Grg64BCEXg8O5a',NULL,'2025-11-23 18:50:08','2025-11-23 18:50:08','AED',17,0,'active',7),(25,'test-poed','test.poed@email.com',NULL,'$2y$12$yT3r2NqonCYaWZXW0g1yH.mFjT3OHjfDDp/2sA3goMvX6jAAI4tDW',NULL,'2025-11-23 18:50:23','2026-01-04 17:29:56','ED',18,0,'deactivated',7),(26,'test.qsoadmin01','test.qsoadmin01@email.com',NULL,'$2y$12$vuOFF1ezbJUR2SmWkEaI8ejL1LgD9DHDTK3ReF8aybncbDHPRZ/XC',NULL,'2025-11-23 18:50:48','2025-11-23 18:50:48','ADMIN',14,0,'active',8),(27,'test.qsoadmin02','test.qsoadmin02@email.com',NULL,'$2y$12$vuOFF1ezbJUR2SmWkEaI8ejL1LgD9DHDTK3ReF8aybncbDHPRZ/XC',NULL,'2025-11-23 18:51:04','2025-11-23 18:51:04','ADMIN',14,0,'active',8),(28,'test.qsoaed','test.qsoaed@email.com',NULL,'$2y$12$8vEfv2x3dHhX3aXQEavjoubcVAxmSYy1iSTfYN13S0DXipysRoUf2',NULL,'2025-11-23 18:51:21','2025-11-23 18:51:21','AED',17,0,'active',8),(29,'test.qsoed','test.qsoed@email.com',NULL,'$2y$12$BWCbYdVulKEC4o7hR2IxeO2e8aF95Spt4xQsNMb4nbfUmC4pBGqqe',NULL,'2025-11-23 18:51:38','2025-11-23 18:51:38','ED',18,0,'active',8),(30,'test.nitesdadmin01','test.nitesdadmin01@email.com',NULL,'$2y$12$Gw9cKJI0edGLvmKnkhTlGuS1X9PIezjl8Pt0mCz1sowChIo7jRT5.',NULL,'2025-11-23 18:51:56','2025-11-23 18:51:56','ADMIN',14,0,'active',9),(31,'test.nitesdadmin02','test.nitesdadmin02@email.com',NULL,'$2y$12$hGE7PnhSzgEU09RA5gMx0.8y3jsPND.Pb76UxHxOrq8igaE6UJwLa',NULL,'2025-11-23 18:52:20','2025-11-23 18:52:20','ADMIN',14,0,'active',9),(32,'test.nitesdaed','test.nitesdaed@email.com',NULL,'$2y$12$ngmAnAZYMHKHg36s/fKmJ.TX2G2i/Z8o..kjtFIjT580cRCLAURvu',NULL,'2025-11-23 18:53:58','2025-11-23 18:53:58','AED',17,0,'active',9),(33,'test.nitesded','test.nitesded@email.com',NULL,'$2y$12$ljj50YKMacjC4Eu/FDhmPOWILMt0BJtY/gl0eYAZejUeF40VmXfvy',NULL,'2025-11-23 18:54:15','2025-11-23 18:54:15','ED',18,0,'active',9),(34,'test.ppddg','test.ppddg@email.com',NULL,'$2y$12$dk2.ssG.RacpoWTsmKoIT.yM.F4U86yCR9bCOqizE5tza22We83wO','WtsSGTdlR2BHub85MMzumjXQv8d6BwplyZCCvBv6fv0Bq3wZyj75L28szxxV','2025-11-24 21:33:38','2025-11-24 21:33:38','DDG',19,0,'active',6),(35,'testdev123123','testdev@email.com',NULL,'$2y$12$jBfeFB61k9g6yXyX0G9GxeUVfrmMtZaqFO.nbjg47gjqolmaclj26',NULL,'2026-01-15 13:16:27','2026-01-15 13:16:50','Developer',13,0,'active',5),(36,'testauthsig','mintonpanotero@gmail.com',NULL,'$2y$12$D2f2M7k4Tds.bqQyj7CYKe61u7fZq/Aw84wkdUbqYWlvQ33wpE/dO',NULL,'2026-01-18 01:52:01','2026-01-18 01:52:01','Developer',13,0,'active',5);
/*!40000 ALTER TABLE `users` ENABLE KEYS */;
UNLOCK TABLES;

--
-- Dumping routines for database 'dmt_db'
--
/*!40103 SET TIME_ZONE=@OLD_TIME_ZONE */;

/*!40101 SET SQL_MODE=@OLD_SQL_MODE */;
/*!40014 SET FOREIGN_KEY_CHECKS=@OLD_FOREIGN_KEY_CHECKS */;
/*!40014 SET UNIQUE_CHECKS=@OLD_UNIQUE_CHECKS */;
/*!40101 SET CHARACTER_SET_CLIENT=@OLD_CHARACTER_SET_CLIENT */;
/*!40101 SET CHARACTER_SET_RESULTS=@OLD_CHARACTER_SET_RESULTS */;
/*!40101 SET COLLATION_CONNECTION=@OLD_COLLATION_CONNECTION */;
/*!40111 SET SQL_NOTES=@OLD_SQL_NOTES */;

-- Dump completed on 2026-01-24 22:00:26
