-- MySQL dump 10.13  Distrib 8.0.19, for Win64 (x86_64)
--
-- Host: localhost    Database: dmt_db
-- ------------------------------------------------------
-- Server version	5.5.5-10.4.32-MariaDB

/*!40101 SET @OLD_CHARACTER_SET_CLIENT=@@CHARACTER_SET_CLIENT */;
/*!40101 SET @OLD_CHARACTER_SET_RESULTS=@@CHARACTER_SET_RESULTS */;
/*!40101 SET @OLD_COLLATION_CONNECTION=@@COLLATION_CONNECTION */;
/*!50503 SET NAMES utf8mb4 */;
/*!40103 SET @OLD_TIME_ZONE=@@TIME_ZONE */;
/*!40103 SET TIME_ZONE='+00:00' */;
/*!40014 SET @OLD_UNIQUE_CHECKS=@@UNIQUE_CHECKS, UNIQUE_CHECKS=0 */;
/*!40014 SET @OLD_FOREIGN_KEY_CHECKS=@@FOREIGN_KEY_CHECKS, FOREIGN_KEY_CHECKS=0 */;
/*!40101 SET @OLD_SQL_MODE=@@SQL_MODE, SQL_MODE='NO_AUTO_VALUE_ON_ZERO' */;
/*!40111 SET @OLD_SQL_NOTES=@@SQL_NOTES, SQL_NOTES=0 */;

--
-- Table structure for table `activities`
--

DROP TABLE IF EXISTS `activities`;
/*!40101 SET @saved_cs_client     = @@character_set_client */;
/*!50503 SET character_set_client = utf8mb4 */;
CREATE TABLE `activities` (
  `id` bigint(20) unsigned NOT NULL AUTO_INCREMENT,
  `action` varchar(100) NOT NULL,
  `document_id` bigint(20) unsigned DEFAULT NULL,
  `office_id` text DEFAULT NULL,
  `final_approval` varchar(10) NOT NULL DEFAULT '0',
  `document_control_number` varchar(255) DEFAULT NULL,
  `user_id` bigint(20) unsigned DEFAULT NULL,
  `from_user_id` varchar(10) DEFAULT NULL,
  `routed_to` bigint(20) unsigned DEFAULT NULL,
  `to_external` varchar(10) NOT NULL DEFAULT '0',
  `final_remarks` text DEFAULT NULL,
  `created_at` timestamp NULL DEFAULT NULL,
  `updated_at` timestamp NULL DEFAULT NULL,
  PRIMARY KEY (`id`),
  KEY `activities_document_id_foreign` (`document_id`),
  KEY `activities_user_id_foreign` (`user_id`),
  CONSTRAINT `activities_document_id_foreign` FOREIGN KEY (`document_id`) REFERENCES `documents` (`document_id`) ON DELETE CASCADE,
  CONSTRAINT `activities_user_id_foreign` FOREIGN KEY (`user_id`) REFERENCES `users` (`id`) ON DELETE SET NULL
) ENGINE=InnoDB AUTO_INCREMENT=2565 DEFAULT CHARSET=utf8mb4 COLLATE=utf8mb4_unicode_ci;
/*!40101 SET character_set_client = @saved_cs_client */;

--
-- Dumping data for table `activities`
--

LOCK TABLES `activities` WRITE;
/*!40000 ALTER TABLE `activities` DISABLE KEYS */;
INSERT INTO `activities` VALUES (2329,'upload',242,NULL,'0','16012026-00001',NULL,'22',NULL,'0','asdasd','2026-01-16 06:13:35','2026-01-16 06:13:35'),(2330,'view',242,NULL,'0','16012026-00001',NULL,NULL,NULL,'0',NULL,'2026-01-16 06:13:44','2026-01-16 06:13:44'),(2331,'confirm',242,NULL,'0','16012026-00001',NULL,'22',NULL,'0',NULL,'2026-01-16 06:13:46','2026-01-16 06:13:46'),(2332,'view',242,NULL,'0','16012026-00001',NULL,NULL,NULL,'0',NULL,'2026-01-16 06:17:15','2026-01-16 06:17:15'),(2333,'upload',243,NULL,'0','16012026-00002',NULL,'22',NULL,'0','asd','2026-01-16 06:18:11','2026-01-16 06:18:11'),(2334,'view',243,NULL,'0','16012026-00002',NULL,NULL,NULL,'0',NULL,'2026-01-16 06:18:21','2026-01-16 06:18:21'),(2335,'confirm',243,NULL,'0','16012026-00002',NULL,'22',NULL,'0',NULL,'2026-01-16 06:18:22','2026-01-16 06:18:22'),(2336,'view',243,NULL,'0','16012026-00002',NULL,NULL,NULL,'0',NULL,'2026-01-16 06:24:29','2026-01-16 06:24:29'),(2337,'view',242,NULL,'0','16012026-00001',NULL,NULL,NULL,'0',NULL,'2026-01-16 06:24:31','2026-01-16 06:24:31'),(2338,'upload',244,NULL,'0','16012026-00003',NULL,'22',NULL,'0','eqwewe','2026-01-16 06:24:52','2026-01-16 06:24:52'),(2339,'view',244,NULL,'0','16012026-00003',NULL,NULL,NULL,'0',NULL,'2026-01-16 06:24:59','2026-01-16 06:24:59'),(2340,'confirm',244,NULL,'0','16012026-00003',NULL,'22',NULL,'0',NULL,'2026-01-16 06:25:01','2026-01-16 06:25:01'),(2341,'view',244,NULL,'0','16012026-00003',NULL,NULL,NULL,'0',NULL,'2026-01-16 06:29:38','2026-01-16 06:29:38'),(2342,'upload',245,NULL,'0','16012026-00004',NULL,'22',NULL,'0','asdasd','2026-01-16 06:30:04','2026-01-16 06:30:04'),(2343,'view',245,NULL,'0','16012026-00004',NULL,NULL,NULL,'0',NULL,'2026-01-16 06:30:10','2026-01-16 06:30:10'),(2344,'confirm',245,NULL,'0','16012026-00004',NULL,'22',NULL,'0',NULL,'2026-01-16 06:30:11','2026-01-16 06:30:11'),(2345,'view',245,NULL,'0','16012026-00004',NULL,NULL,NULL,'0',NULL,'2026-01-16 06:36:31','2026-01-16 06:36:31'),(2346,'view',245,NULL,'0','16012026-00004',NULL,NULL,NULL,'0',NULL,'2026-01-16 06:37:50','2026-01-16 06:37:50'),(2347,'upload',246,NULL,'0','16012026-00005',NULL,'22',NULL,'0','asdadas','2026-01-16 06:38:18','2026-01-16 06:38:18'),(2348,'view',246,NULL,'0','16012026-00005',NULL,NULL,NULL,'0',NULL,'2026-01-16 06:38:23','2026-01-16 06:38:23'),(2349,'confirm',246,NULL,'0','16012026-00005',NULL,'22',NULL,'0',NULL,'2026-01-16 06:38:24','2026-01-16 06:38:24'),(2350,'upload',247,NULL,'0','16012026-00006',NULL,'22',NULL,'0','asdads','2026-01-16 06:40:18','2026-01-16 06:40:18'),(2351,'view',247,NULL,'0','16012026-00006',NULL,NULL,NULL,'0',NULL,'2026-01-16 06:40:23','2026-01-16 06:40:23'),(2352,'confirm',247,NULL,'0','16012026-00006',NULL,'22',NULL,'0',NULL,'2026-01-16 06:40:24','2026-01-16 06:40:24'),(2353,'view',247,NULL,'0','16012026-00006',NULL,NULL,NULL,'0',NULL,'2026-01-16 06:41:06','2026-01-16 06:41:06'),(2354,'view',246,NULL,'0','16012026-00005',NULL,NULL,NULL,'0',NULL,'2026-01-16 06:41:08','2026-01-16 06:41:08'),(2355,'view',247,NULL,'0','16012026-00006',NULL,NULL,NULL,'0',NULL,'2026-01-16 06:41:10','2026-01-16 06:41:10'),(2356,'view',247,NULL,'0','16012026-00006',NULL,NULL,NULL,'0',NULL,'2026-01-16 06:41:15','2026-01-16 06:41:15'),(2357,'view',247,NULL,'0','16012026-00006',NULL,NULL,NULL,'0',NULL,'2026-01-16 06:43:12','2026-01-16 06:43:12'),(2358,'view',247,NULL,'0','16012026-00006',NULL,NULL,NULL,'0',NULL,'2026-01-16 06:50:25','2026-01-16 06:50:25'),(2359,'view',247,NULL,'0','16012026-00006',NULL,NULL,NULL,'0',NULL,'2026-01-16 06:59:03','2026-01-16 06:59:03'),(2360,'route',247,NULL,'0','16012026-00006',NULL,'17',19,'1','41dsf13ewqrWeWQQWRqwe','2026-01-16 06:59:33','2026-01-16 06:59:33'),(2361,'view',247,NULL,'0','16012026-00006',NULL,NULL,NULL,'0',NULL,'2026-01-16 06:59:37','2026-01-16 06:59:37'),(2362,'upload',248,NULL,'0','20012026-00001',16,'16',NULL,'0','asd','2026-01-20 02:40:46','2026-01-20 02:40:46'),(2363,'upload',249,NULL,'0','20012026-00002',16,'16',NULL,'0','asd','2026-01-20 02:44:31','2026-01-20 02:44:31'),(2364,'view',249,NULL,'0','20012026-00002',NULL,NULL,NULL,'0',NULL,'2026-01-20 02:44:37','2026-01-20 02:44:37'),(2365,'confirm',249,NULL,'0','20012026-00002',NULL,'16',NULL,'0',NULL,'2026-01-20 02:45:29','2026-01-20 02:45:29'),(2366,'confirm',249,NULL,'0','20012026-00002',NULL,'16',NULL,'0',NULL,'2026-01-20 02:45:30','2026-01-20 02:45:30'),(2367,'confirm',249,NULL,'0','20012026-00002',NULL,'16',NULL,'0',NULL,'2026-01-20 02:45:32','2026-01-20 02:45:32'),(2368,'confirm',249,NULL,'0','20012026-00002',NULL,'16',NULL,'0',NULL,'2026-01-20 02:45:34','2026-01-20 02:45:34'),(2369,'confirm',249,NULL,'0','20012026-00002',NULL,'16',NULL,'0',NULL,'2026-01-20 02:45:34','2026-01-20 02:45:34'),(2370,'view',249,NULL,'0','20012026-00002',16,NULL,NULL,'0',NULL,'2026-01-20 02:47:05','2026-01-20 02:47:05'),(2371,'upload',250,NULL,'0','20012026-00003',NULL,'43',NULL,'0','test02','2026-01-20 02:54:10','2026-01-20 02:54:10'),(2372,'view',250,NULL,'0','20012026-00003',NULL,NULL,NULL,'0',NULL,'2026-01-20 02:55:52','2026-01-20 02:55:52'),(2373,'confirm',250,NULL,'0','20012026-00003',NULL,'43',NULL,'0',NULL,'2026-01-20 02:55:58','2026-01-20 02:55:58'),(2374,'confirm',250,NULL,'0','20012026-00003',NULL,'43',NULL,'0',NULL,'2026-01-20 02:56:02','2026-01-20 02:56:02'),(2375,'upload',251,NULL,'0','20012026-00004',NULL,'43',NULL,'0','test03','2026-01-20 02:59:03','2026-01-20 02:59:03'),(2376,'view',251,NULL,'0','20012026-00004',NULL,NULL,NULL,'0',NULL,'2026-01-20 02:59:18','2026-01-20 02:59:18'),(2377,'confirm',251,NULL,'0','20012026-00004',NULL,'43',NULL,'0',NULL,'2026-01-20 02:59:27','2026-01-20 02:59:27'),(2378,'confirm',251,NULL,'0','20012026-00004',NULL,'43',NULL,'0',NULL,'2026-01-20 02:59:27','2026-01-20 02:59:27'),(2379,'confirm',251,NULL,'0','20012026-00004',NULL,'43',NULL,'0',NULL,'2026-01-20 02:59:28','2026-01-20 02:59:28'),(2380,'confirm',251,NULL,'0','20012026-00004',NULL,'43',NULL,'0',NULL,'2026-01-20 02:59:28','2026-01-20 02:59:28'),(2381,'confirm',251,NULL,'0','20012026-00004',NULL,'43',NULL,'0',NULL,'2026-01-20 02:59:29','2026-01-20 02:59:29'),(2382,'upload',252,NULL,'0','20012026-00005',NULL,'43',NULL,'0','test04','2026-01-20 03:01:07','2026-01-20 03:01:07'),(2383,'view',252,NULL,'0','20012026-00005',NULL,NULL,NULL,'0',NULL,'2026-01-20 03:01:16','2026-01-20 03:01:16'),(2384,'confirm',252,NULL,'0','20012026-00005',NULL,'43',NULL,'0',NULL,'2026-01-20 03:01:22','2026-01-20 03:01:22'),(2385,'upload',253,NULL,'0','20012026-00006',NULL,'45',NULL,'0','test0005','2026-01-20 03:08:09','2026-01-20 03:08:09'),(2386,'view',253,NULL,'0','20012026-00006',NULL,NULL,NULL,'0',NULL,'2026-01-20 03:08:55','2026-01-20 03:08:55'),(2387,'view',252,NULL,'0','20012026-00005',NULL,NULL,NULL,'0',NULL,'2026-01-20 03:17:52','2026-01-20 03:17:52'),(2388,'view',252,NULL,'0','20012026-00005',NULL,NULL,NULL,'0',NULL,'2026-01-20 03:33:06','2026-01-20 03:33:06'),(2389,'view',252,NULL,'0','20012026-00005',NULL,NULL,NULL,'0',NULL,'2026-01-20 03:35:48','2026-01-20 03:35:48'),(2390,'view',252,NULL,'0','20012026-00005',NULL,NULL,NULL,'0',NULL,'2026-01-20 03:35:59','2026-01-20 03:35:59'),(2391,'view',252,NULL,'0','20012026-00005',NULL,NULL,NULL,'0',NULL,'2026-01-20 03:36:29','2026-01-20 03:36:29'),(2392,'view',248,NULL,'0','20012026-00001',NULL,NULL,NULL,'0',NULL,'2026-01-20 03:36:59','2026-01-20 03:36:59'),(2393,'confirm',248,NULL,'0','20012026-00001',NULL,'16',NULL,'0',NULL,'2026-01-20 03:37:04','2026-01-20 03:37:04'),(2394,'route',248,NULL,'0','20012026-00001',NULL,'43',44,'1','fadsadadads','2026-01-20 03:37:18','2026-01-20 03:37:18'),(2395,'view',253,NULL,'0','20012026-00006',NULL,NULL,NULL,'0',NULL,'2026-01-20 03:37:22','2026-01-20 03:37:22'),(2396,'view',248,NULL,'0','20012026-00001',NULL,NULL,NULL,'0',NULL,'2026-01-20 03:37:34','2026-01-20 03:37:34'),(2397,'view',248,NULL,'0','20012026-00001',NULL,NULL,NULL,'0',NULL,'2026-01-20 03:38:14','2026-01-20 03:38:14'),(2398,'approved',248,NULL,'0','20012026-00001',NULL,'44',NULL,'0','asdadad','2026-01-20 03:38:20','2026-01-20 03:38:20'),(2399,'view',248,NULL,'0','20012026-00001',NULL,NULL,NULL,'0',NULL,'2026-01-20 03:38:40','2026-01-20 03:38:40'),(2400,'view',248,NULL,'0','20012026-00001',NULL,NULL,NULL,'0',NULL,'2026-01-20 03:40:14','2026-01-20 03:40:14'),(2401,'approved',248,NULL,'0','20012026-00001',NULL,'44',NULL,'0','for final approval','2026-01-20 03:40:31','2026-01-20 03:40:31'),(2402,'view',248,NULL,'0','20012026-00001',NULL,NULL,NULL,'0',NULL,'2026-01-20 03:48:26','2026-01-20 03:48:26'),(2403,'approved',248,NULL,'1','20012026-00001',NULL,'46',NULL,'0','finally approved','2026-01-20 03:48:38','2026-01-20 03:48:38'),(2404,'view',248,NULL,'0','20012026-00001',NULL,NULL,NULL,'0',NULL,'2026-01-20 03:59:46','2026-01-20 03:59:46'),(2405,'view',248,NULL,'0','20012026-00001',NULL,NULL,NULL,'0',NULL,'2026-01-20 04:00:09','2026-01-20 04:00:09'),(2406,'view',248,NULL,'0','20012026-00001',NULL,NULL,NULL,'0',NULL,'2026-01-20 04:02:23','2026-01-20 04:02:23'),(2407,'view',248,NULL,'0','20012026-00001',NULL,NULL,NULL,'0',NULL,'2026-01-20 04:03:18','2026-01-20 04:03:18'),(2408,'view',248,NULL,'0','20012026-00001',NULL,NULL,NULL,'0',NULL,'2026-01-20 04:04:25','2026-01-20 04:04:25'),(2409,'view',248,NULL,'0','20012026-00001',NULL,NULL,NULL,'0',NULL,'2026-01-20 04:05:53','2026-01-20 04:05:53'),(2410,'sign',248,NULL,'0','20012026-00001',NULL,'43',NULL,'0',NULL,'2026-01-20 04:06:05','2026-01-20 04:06:05'),(2411,'view',248,NULL,'0','20012026-00001',NULL,NULL,NULL,'0',NULL,'2026-01-20 04:06:08','2026-01-20 04:06:08'),(2412,'view',253,NULL,'0','20012026-00006',NULL,NULL,NULL,'0',NULL,'2026-01-20 04:06:16','2026-01-20 04:06:16'),(2413,'view',248,NULL,'0','20012026-00001',NULL,NULL,NULL,'0',NULL,'2026-01-20 04:06:17','2026-01-20 04:06:17'),(2414,'view',248,NULL,'0','20012026-00001',NULL,NULL,NULL,'0',NULL,'2026-01-20 04:06:21','2026-01-20 04:06:21'),(2415,'view',248,NULL,'0','20012026-00001',NULL,NULL,NULL,'0',NULL,'2026-01-20 04:06:23','2026-01-20 04:06:23'),(2416,'view',248,NULL,'0','20012026-00001',NULL,NULL,NULL,'0',NULL,'2026-01-20 04:09:17','2026-01-20 04:09:17'),(2417,'view',248,NULL,'0','20012026-00001',NULL,NULL,NULL,'0',NULL,'2026-01-20 04:09:19','2026-01-20 04:09:19'),(2418,'route',248,NULL,'0','20012026-00001',NULL,'43',NULL,'1','signed ty','2026-01-20 04:09:39','2026-01-20 04:09:39'),(2419,'view',248,NULL,'0','20012026-00001',NULL,NULL,NULL,'0',NULL,'2026-01-20 04:09:58','2026-01-20 04:09:58'),(2420,'view',248,NULL,'0','20012026-00001',NULL,NULL,NULL,'0',NULL,'2026-01-20 04:10:08','2026-01-20 04:10:08'),(2421,'view',253,NULL,'0','20012026-00006',NULL,NULL,NULL,'0',NULL,'2026-01-20 04:12:14','2026-01-20 04:12:14'),(2422,'view',248,NULL,'0','20012026-00001',NULL,NULL,NULL,'0',NULL,'2026-01-20 04:12:16','2026-01-20 04:12:16'),(2423,'view',248,NULL,'0','20012026-00001',NULL,NULL,NULL,'0',NULL,'2026-01-20 04:13:27','2026-01-20 04:13:27'),(2424,'view',248,NULL,'0','20012026-00001',NULL,NULL,NULL,'0',NULL,'2026-01-20 04:14:40','2026-01-20 04:14:40'),(2425,'view',248,NULL,'0','20012026-00001',NULL,NULL,NULL,'0',NULL,'2026-01-20 04:58:18','2026-01-20 04:58:18'),(2426,'view',252,NULL,'0','20012026-00005',NULL,NULL,NULL,'0',NULL,'2026-01-20 05:15:33','2026-01-20 05:15:33'),(2427,'view',252,NULL,'0','20012026-00005',NULL,NULL,NULL,'0',NULL,'2026-01-20 05:17:52','2026-01-20 05:17:52'),(2428,'view',253,NULL,'0','20012026-00006',NULL,NULL,NULL,'0',NULL,'2026-01-20 05:19:30','2026-01-20 05:19:30'),(2429,'view',248,NULL,'0','20012026-00001',NULL,NULL,NULL,'0',NULL,'2026-01-20 05:19:46','2026-01-20 05:19:46'),(2430,'view',253,NULL,'0','20012026-00006',NULL,NULL,NULL,'0',NULL,'2026-01-20 05:21:58','2026-01-20 05:21:58'),(2431,'view',248,NULL,'0','20012026-00001',NULL,NULL,NULL,'0',NULL,'2026-01-20 05:22:00','2026-01-20 05:22:00'),(2432,'view',248,NULL,'0','20012026-00001',NULL,NULL,NULL,'0',NULL,'2026-01-20 05:23:48','2026-01-20 05:23:48'),(2433,'view',253,NULL,'0','20012026-00006',NULL,NULL,NULL,'0',NULL,'2026-01-20 05:26:32','2026-01-20 05:26:32'),(2434,'view',248,NULL,'0','20012026-00001',NULL,NULL,NULL,'0',NULL,'2026-01-20 05:26:35','2026-01-20 05:26:35'),(2435,'view',248,NULL,'0','20012026-00001',NULL,NULL,NULL,'0',NULL,'2026-01-20 05:28:27','2026-01-20 05:28:27'),(2436,'view',248,NULL,'0','20012026-00001',NULL,NULL,NULL,'0',NULL,'2026-01-20 05:29:10','2026-01-20 05:29:10'),(2437,'view',248,NULL,'0','20012026-00001',NULL,NULL,NULL,'0',NULL,'2026-01-20 05:29:39','2026-01-20 05:29:39'),(2438,'view',248,NULL,'0','20012026-00001',NULL,NULL,NULL,'0',NULL,'2026-01-20 05:31:41','2026-01-20 05:31:41'),(2439,'view',248,NULL,'0','20012026-00001',NULL,NULL,NULL,'0',NULL,'2026-01-20 05:38:26','2026-01-20 05:38:26'),(2440,'view',248,NULL,'0','20012026-00001',NULL,NULL,NULL,'0',NULL,'2026-01-20 05:39:30','2026-01-20 05:39:30'),(2441,'view',248,NULL,'0','20012026-00001',NULL,NULL,NULL,'0',NULL,'2026-01-20 05:41:26','2026-01-20 05:41:26'),(2442,'view',248,NULL,'0','20012026-00001',NULL,NULL,NULL,'0',NULL,'2026-01-20 05:49:03','2026-01-20 05:49:03'),(2443,'view',248,NULL,'0','20012026-00001',NULL,NULL,NULL,'0',NULL,'2026-01-20 05:52:21','2026-01-20 05:52:21'),(2444,'view',248,NULL,'0','20012026-00001',NULL,NULL,NULL,'0',NULL,'2026-01-20 05:53:42','2026-01-20 05:53:42'),(2445,'view',248,NULL,'0','20012026-00001',NULL,NULL,NULL,'0',NULL,'2026-01-20 05:56:42','2026-01-20 05:56:42'),(2446,'view',248,NULL,'0','20012026-00001',NULL,NULL,NULL,'0',NULL,'2026-01-20 05:58:12','2026-01-20 05:58:12'),(2447,'upload',254,'ODDG-PP','0','20012026-00007',NULL,'45',NULL,'0','test033','2026-01-20 06:11:02','2026-01-20 06:11:02'),(2448,'view',254,NULL,'0','20012026-00007',NULL,NULL,NULL,'0',NULL,'2026-01-20 06:11:34','2026-01-20 06:11:34'),(2449,'confirm',254,NULL,'0','20012026-00007',NULL,'45',NULL,'0',NULL,'2026-01-20 06:11:37','2026-01-20 06:11:37'),(2450,'route',254,'SU','0','20012026-00007',NULL,'43',44,'1','adsadasds','2026-01-20 06:12:47','2026-01-20 06:12:47'),(2451,'view',254,NULL,'0','20012026-00007',NULL,NULL,NULL,'0',NULL,'2026-01-20 06:13:17','2026-01-20 06:13:17'),(2452,'view',254,NULL,'0','20012026-00007',NULL,NULL,NULL,'0',NULL,'2026-01-20 06:13:45','2026-01-20 06:13:45'),(2453,'approved',254,NULL,'0','20012026-00007',NULL,'44',NULL,'0','approved','2026-01-20 06:13:55','2026-01-20 06:13:55'),(2454,'view',254,NULL,'0','20012026-00007',NULL,NULL,NULL,'0',NULL,'2026-01-20 06:14:28','2026-01-20 06:14:28'),(2455,'approved',254,NULL,'1','20012026-00007',NULL,'46',NULL,'0','final approval','2026-01-20 06:14:47','2026-01-20 06:14:47'),(2456,'view',254,NULL,'0','20012026-00007',NULL,NULL,NULL,'0',NULL,'2026-01-20 06:15:50','2026-01-20 06:15:50'),(2457,'view',254,NULL,'0','20012026-00007',NULL,NULL,NULL,'0',NULL,'2026-01-20 06:16:10','2026-01-20 06:16:10'),(2458,'sign',254,'SU','0','20012026-00007',NULL,'43',NULL,'0',NULL,'2026-01-20 06:16:18','2026-01-20 06:16:18'),(2459,'view',254,NULL,'0','20012026-00007',NULL,NULL,NULL,'0',NULL,'2026-01-20 06:16:21','2026-01-20 06:16:21'),(2460,'route',254,'SU','0','20012026-00007',NULL,'43',NULL,'1','signed','2026-01-20 06:16:44','2026-01-20 06:16:44'),(2461,'view',254,NULL,'0','20012026-00007',NULL,NULL,NULL,'0',NULL,'2026-01-20 06:16:50','2026-01-20 06:16:50'),(2462,'confirm',254,'ODDG-PP','0','20012026-00007',NULL,'45',NULL,'0',NULL,'2026-01-20 06:16:55','2026-01-20 06:16:55'),(2463,'view',254,NULL,'0','20012026-00007',NULL,NULL,NULL,'0',NULL,'2026-01-20 06:17:52','2026-01-20 06:17:52'),(2464,'view',254,NULL,'0','20012026-00007',NULL,NULL,NULL,'0',NULL,'2026-01-20 06:25:59','2026-01-20 06:25:59'),(2465,'view',252,NULL,'0','20012026-00005',NULL,NULL,NULL,'0',NULL,'2026-01-20 06:28:11','2026-01-20 06:28:11'),(2466,'view',252,NULL,'0','20012026-00005',NULL,NULL,NULL,'0',NULL,'2026-01-20 06:28:49','2026-01-20 06:28:49'),(2467,'upload',255,'ODDG-PP','0','21012026-00001',NULL,'45',NULL,'0','qwe','2026-01-21 05:11:34','2026-01-21 05:11:34'),(2468,'upload',256,'ODDG-PP','0','21012026-00002',NULL,'45',NULL,'0','asdads','2026-01-21 05:12:12','2026-01-21 05:12:12'),(2469,'view',256,NULL,'0','21012026-00002',NULL,NULL,NULL,'0',NULL,'2026-01-21 05:12:17','2026-01-21 05:12:17'),(2470,'view',254,NULL,'0','20012026-00007',NULL,NULL,NULL,'0',NULL,'2026-01-21 05:26:25','2026-01-21 05:26:25'),(2471,'view',254,NULL,'0','20012026-00007',NULL,NULL,NULL,'0',NULL,'2026-01-21 06:12:47','2026-01-21 06:12:47'),(2472,'view',254,NULL,'0','20012026-00007',NULL,NULL,NULL,'0',NULL,'2026-01-21 06:32:55','2026-01-21 06:32:55'),(2473,'view',256,NULL,'0','21012026-00002',NULL,NULL,NULL,'0',NULL,'2026-01-22 01:07:59','2026-01-22 01:07:59'),(2474,'upload',257,'SU','0','22012026-00001',NULL,'43',NULL,'0','asdasdda','2026-01-22 01:45:32','2026-01-22 01:45:32'),(2475,'view',257,NULL,'0','22012026-00001',NULL,NULL,NULL,'0',NULL,'2026-01-22 01:45:39','2026-01-22 01:45:39'),(2476,'confirm',257,'ODDG-PP','0','22012026-00001',NULL,'43',NULL,'0',NULL,'2026-01-22 01:45:55','2026-01-22 01:45:55'),(2477,'upload',258,'ODDG-PP','0','22012026-00002',NULL,'45',NULL,'0','asdadads','2026-01-22 01:46:54','2026-01-22 01:46:54'),(2478,'upload',259,'ODDG-PP','0','22012026-00003',NULL,'45',NULL,'0','adsadsads','2026-01-22 01:47:27','2026-01-22 01:47:27'),(2479,'view',259,NULL,'0','22012026-00003',NULL,NULL,NULL,'0',NULL,'2026-01-22 01:47:36','2026-01-22 01:47:36'),(2480,'confirm',259,'SU','0','22012026-00003',NULL,'45',NULL,'0',NULL,'2026-01-22 01:47:43','2026-01-22 01:47:43'),(2481,'route',259,'SU','0','22012026-00003',NULL,'43',44,'1','preapproval1','2026-01-22 01:48:18','2026-01-22 01:48:18'),(2482,'view',259,NULL,'0','22012026-00003',NULL,NULL,NULL,'0',NULL,'2026-01-22 01:49:05','2026-01-22 01:49:05'),(2483,'approved',259,NULL,'0','22012026-00003',NULL,'44',NULL,'0','final approval','2026-01-22 01:49:15','2026-01-22 01:49:15'),(2484,'view',259,NULL,'0','22012026-00003',NULL,NULL,NULL,'0',NULL,'2026-01-22 01:50:00','2026-01-22 01:50:00'),(2485,'view',259,NULL,'0','22012026-00003',NULL,NULL,NULL,'0',NULL,'2026-01-22 01:50:20','2026-01-22 01:50:20'),(2486,'view',254,NULL,'0','20012026-00007',NULL,NULL,NULL,'0',NULL,'2026-01-22 01:52:00','2026-01-22 01:52:00'),(2487,'view',259,NULL,'0','22012026-00003',NULL,NULL,NULL,'0',NULL,'2026-01-22 01:52:22','2026-01-22 01:52:22'),(2488,'disapproved',259,NULL,'0','22012026-00003',NULL,'46',NULL,'0',NULL,'2026-01-22 01:52:27','2026-01-22 01:52:27'),(2489,'view',259,NULL,'0','22012026-00003',NULL,NULL,NULL,'0',NULL,'2026-01-22 01:52:48','2026-01-22 01:52:48'),(2490,'view',259,NULL,'0','22012026-00003',NULL,NULL,NULL,'0',NULL,'2026-01-22 01:53:35','2026-01-22 01:53:35'),(2491,'route',259,'SU','0','22012026-00003',NULL,'43',NULL,'1','remanded there is error on page 1 to 10','2026-01-22 01:54:16','2026-01-22 01:54:16'),(2492,'upload',260,'SU','0','22012026-00004',NULL,'43',NULL,'0','testpp','2026-01-22 02:13:25','2026-01-22 02:13:25'),(2493,'view',260,NULL,'0','22012026-00004',NULL,NULL,NULL,'0',NULL,'2026-01-22 02:13:54','2026-01-22 02:13:54'),(2494,'confirm',260,'ODDG-PP','0','22012026-00004',NULL,'43',NULL,'0',NULL,'2026-01-22 02:14:42','2026-01-22 02:14:42'),(2495,'view',260,NULL,'0','22012026-00004',NULL,NULL,NULL,'0',NULL,'2026-01-22 02:14:48','2026-01-22 02:14:48'),(2496,'view',256,NULL,'0','21012026-00002',NULL,NULL,NULL,'0',NULL,'2026-01-22 02:15:30','2026-01-22 02:15:30'),(2497,'confirm',256,'SU','0','21012026-00002',NULL,'45',NULL,'0',NULL,'2026-01-22 02:15:34','2026-01-22 02:15:34'),(2498,'view',256,NULL,'0','21012026-00002',NULL,NULL,NULL,'0',NULL,'2026-01-22 02:15:41','2026-01-22 02:15:41'),(2499,'view',256,NULL,'0','21012026-00002',NULL,NULL,NULL,'0',NULL,'2026-01-22 02:15:53','2026-01-22 02:15:53'),(2500,'view',256,NULL,'0','21012026-00002',NULL,NULL,NULL,'0',NULL,'2026-01-22 02:43:16','2026-01-22 02:43:16'),(2501,'view',252,NULL,'0','20012026-00005',NULL,NULL,NULL,'0',NULL,'2026-01-22 03:42:30','2026-01-22 03:42:30'),(2502,'view',247,NULL,'0','16012026-00006',NULL,NULL,NULL,'0',NULL,'2026-01-22 03:42:32','2026-01-22 03:42:32'),(2503,'view',247,NULL,'0','16012026-00006',NULL,NULL,NULL,'0',NULL,'2026-01-22 03:42:33','2026-01-22 03:42:33'),(2504,'view',245,NULL,'0','16012026-00004',NULL,NULL,NULL,'0',NULL,'2026-01-22 03:42:34','2026-01-22 03:42:34'),(2505,'view',246,NULL,'0','16012026-00005',NULL,NULL,NULL,'0',NULL,'2026-01-22 03:42:35','2026-01-22 03:42:35'),(2506,'view',244,NULL,'0','16012026-00003',NULL,NULL,NULL,'0',NULL,'2026-01-22 03:42:37','2026-01-22 03:42:37'),(2507,'view',247,NULL,'0','16012026-00006',NULL,NULL,NULL,'0',NULL,'2026-01-22 03:43:00','2026-01-22 03:43:00'),(2508,'view',247,NULL,'0','16012026-00006',NULL,NULL,NULL,'0',NULL,'2026-01-22 03:43:14','2026-01-22 03:43:14'),(2509,'view',247,NULL,'0','16012026-00006',NULL,NULL,NULL,'0',NULL,'2026-01-22 03:43:16','2026-01-22 03:43:16'),(2510,'view',247,NULL,'0','16012026-00006',NULL,NULL,NULL,'0',NULL,'2026-01-22 03:44:09','2026-01-22 03:44:09'),(2511,'view',258,NULL,'0','22012026-00002',NULL,NULL,NULL,'0',NULL,'2026-01-22 03:54:20','2026-01-22 03:54:20'),(2512,'confirm',258,'ODDG-PP','0','22012026-00002',NULL,'45',NULL,'0',NULL,'2026-01-22 03:54:25','2026-01-22 03:54:25'),(2513,'view',259,NULL,'0','22012026-00003',NULL,NULL,NULL,'0',NULL,'2026-01-22 03:55:26','2026-01-22 03:55:26'),(2514,'view',259,NULL,'0','22012026-00003',NULL,NULL,NULL,'0',NULL,'2026-01-22 05:23:13','2026-01-22 05:23:13'),(2515,'view',259,NULL,'0','22012026-00003',NULL,NULL,NULL,'0',NULL,'2026-01-22 05:23:15','2026-01-22 05:23:15'),(2516,'view',259,NULL,'0','22012026-00003',NULL,NULL,NULL,'0',NULL,'2026-01-22 05:23:20','2026-01-22 05:23:20'),(2517,'view',259,NULL,'0','22012026-00003',NULL,NULL,NULL,'0',NULL,'2026-01-22 05:23:33','2026-01-22 05:23:33'),(2518,'view',259,NULL,'0','22012026-00003',NULL,NULL,NULL,'0',NULL,'2026-01-22 05:24:21','2026-01-22 05:24:21'),(2519,'view',260,NULL,'0','22012026-00004',NULL,NULL,NULL,'0',NULL,'2026-01-22 05:24:28','2026-01-22 05:24:28'),(2520,'view',256,NULL,'0','21012026-00002',NULL,NULL,NULL,'0',NULL,'2026-01-22 06:24:14','2026-01-22 06:24:14'),(2521,'view',252,NULL,'0','20012026-00005',NULL,NULL,NULL,'0',NULL,'2026-01-22 06:24:57','2026-01-22 06:24:57'),(2522,'view',254,NULL,'0','20012026-00007',NULL,NULL,NULL,'0',NULL,'2026-01-22 06:25:35','2026-01-22 06:25:35'),(2523,'upload',261,'ODDG-PP','0','22012026-00005',NULL,'45',NULL,'0','testo','2026-01-22 06:26:40','2026-01-22 06:26:40'),(2524,'upload',262,'ODDG-PP','0','22012026-00006',NULL,'45',NULL,'0','snjsjs','2026-01-22 06:27:44','2026-01-22 06:27:44'),(2525,'view',259,NULL,'0','22012026-00003',NULL,NULL,NULL,'0',NULL,'2026-01-22 06:46:18','2026-01-22 06:46:18'),(2526,'view',246,NULL,'0','16012026-00005',NULL,NULL,NULL,'0',NULL,'2026-01-23 02:18:15','2026-01-23 02:18:15'),(2527,'view',249,NULL,'0','20012026-00002',16,NULL,NULL,'0',NULL,'2026-01-26 02:18:03','2026-01-26 02:18:03'),(2528,'upload',263,'Planning Office','0','26012026-00001',58,'58',NULL,'0','123','2026-01-26 02:45:45','2026-01-26 02:45:45'),(2529,'upload',264,'Office of the Senior Deputy Director General Policies and Planning','0','26012026-00002',49,'49',NULL,'0','test','2026-01-26 03:06:55','2026-01-26 03:06:55'),(2530,'upload',265,'Office of the Senior Deputy Director General Policies and Planning','0','26012026-00003',49,'49',NULL,'0','asd','2026-01-26 03:07:59','2026-01-26 03:07:59'),(2531,'upload',266,'Office of the Senior Deputy Director General Policies and Planning','0','26012026-00004',49,'49',NULL,'0','asd','2026-01-26 03:09:09','2026-01-26 03:09:09'),(2532,'upload',267,'Office of the Senior Deputy Director General Policies and Planning','0','26012026-00005',49,'49',NULL,'0','asdads','2026-01-26 03:10:25','2026-01-26 03:10:25'),(2533,'view',267,NULL,'0','26012026-00005',49,NULL,NULL,'0',NULL,'2026-01-26 03:10:43','2026-01-26 03:10:43'),(2534,'upload',268,'Office of the Senior Deputy Director General Policies and Planning','0','26012026-00006',49,'49',NULL,'0',NULL,'2026-01-26 03:17:02','2026-01-26 03:17:02'),(2535,'view',266,NULL,'0','26012026-00004',58,NULL,NULL,'0',NULL,'2026-01-26 05:28:48','2026-01-26 05:28:48'),(2536,'confirm',266,'Planning Office','0','26012026-00004',58,'49',NULL,'0',NULL,'2026-01-26 05:28:52','2026-01-26 05:28:52'),(2537,'route',266,'Planning Office','0','26012026-00004',58,'58',62,'1','final approval','2026-01-26 05:29:20','2026-01-26 05:29:20'),(2538,'view',266,NULL,'0','26012026-00004',62,NULL,NULL,'0',NULL,'2026-01-26 05:30:11','2026-01-26 05:30:11'),(2539,'approved',266,NULL,'1','26012026-00004',62,'62',NULL,'0','approved','2026-01-26 05:30:28','2026-01-26 05:30:28'),(2540,'view',266,NULL,'0','26012026-00004',60,NULL,NULL,'0',NULL,'2026-01-26 05:31:19','2026-01-26 05:31:19'),(2541,'view',266,NULL,'0','26012026-00004',60,NULL,NULL,'0',NULL,'2026-01-26 05:31:21','2026-01-26 05:31:21'),(2542,'view',266,NULL,'0','26012026-00004',60,NULL,NULL,'0',NULL,'2026-01-26 05:37:54','2026-01-26 05:37:54'),(2543,'view',266,NULL,'0','26012026-00004',60,NULL,NULL,'0',NULL,'2026-01-26 05:38:34','2026-01-26 05:38:34'),(2544,'view',266,NULL,'0','26012026-00004',60,NULL,NULL,'0',NULL,'2026-01-26 05:38:39','2026-01-26 05:38:39'),(2545,'view',266,NULL,'0','26012026-00004',60,NULL,NULL,'0',NULL,'2026-01-26 05:41:06','2026-01-26 05:41:06'),(2546,'sign',266,'Planning Office','0','26012026-00004',60,'60',NULL,'0',NULL,'2026-01-26 05:41:15','2026-01-26 05:41:15'),(2547,'view',266,NULL,'0','26012026-00004',58,NULL,NULL,'0',NULL,'2026-01-26 05:41:36','2026-01-26 05:41:36'),(2548,'route',266,'Planning Office','0','26012026-00004',58,'58',NULL,'1',NULL,'2026-01-26 05:41:52','2026-01-26 05:41:52'),(2549,'view',268,NULL,'0','26012026-00006',54,NULL,NULL,'0',NULL,'2026-01-26 05:55:41','2026-01-26 05:55:41'),(2550,'view',268,NULL,'0','26012026-00006',54,NULL,NULL,'0',NULL,'2026-01-26 05:57:34','2026-01-26 05:57:34'),(2551,'upload',269,'Quality and Standards Office','0','26012026-00007',54,'54',NULL,'0','qwe','2026-01-26 05:59:29','2026-01-26 05:59:29'),(2552,'view',269,NULL,'0','26012026-00007',54,NULL,NULL,'0',NULL,'2026-01-26 05:59:38','2026-01-26 05:59:38'),(2553,'view',269,NULL,'0','26012026-00007',54,NULL,NULL,'0',NULL,'2026-01-26 05:59:41','2026-01-26 05:59:41'),(2554,'upload',270,'Office of the Senior Deputy Director General Policies and Planning','0','26012026-00008',49,'49',NULL,'0','asd','2026-01-26 07:14:10','2026-01-26 07:14:10'),(2555,'view',270,NULL,'0','26012026-00008',49,NULL,NULL,'0',NULL,'2026-01-26 07:16:12','2026-01-26 07:16:12'),(2556,'confirm',270,'Office of the Senior Deputy Director General Policies and Planning','0','26012026-00008',49,'49',NULL,'0',NULL,'2026-01-26 07:16:13','2026-01-26 07:16:13'),(2557,'view',269,NULL,'0','26012026-00007',49,NULL,NULL,'0',NULL,'2026-01-26 07:17:38','2026-01-26 07:17:38'),(2558,'confirm',269,'Office of the Senior Deputy Director General Policies and Planning','0','26012026-00007',49,'54',NULL,'0',NULL,'2026-01-26 07:17:39','2026-01-26 07:17:39'),(2559,'view',269,NULL,'0','26012026-00007',49,NULL,NULL,'0',NULL,'2026-01-26 08:10:56','2026-01-26 08:10:56'),(2560,'view',269,NULL,'0','26012026-00007',49,NULL,NULL,'0',NULL,'2026-01-26 08:11:39','2026-01-26 08:11:39'),(2561,'view',269,NULL,'0','26012026-00007',49,NULL,NULL,'0',NULL,'2026-01-26 08:13:14','2026-01-26 08:13:14'),(2562,'view',269,NULL,'0','26012026-00007',49,NULL,NULL,'0',NULL,'2026-01-26 08:17:13','2026-01-26 08:17:13'),(2563,'view',269,NULL,'0','26012026-00007',49,NULL,NULL,'0',NULL,'2026-01-26 08:29:55','2026-01-26 08:29:55'),(2564,'view',269,NULL,'0','26012026-00007',49,NULL,NULL,'0',NULL,'2026-01-26 08:33:44','2026-01-26 08:33:44');
/*!40000 ALTER TABLE `activities` ENABLE KEYS */;
UNLOCK TABLES;

--
-- Table structure for table `approval_table`
--

DROP TABLE IF EXISTS `approval_table`;
/*!40101 SET @saved_cs_client     = @@character_set_client */;
/*!50503 SET character_set_client = utf8mb4 */;
CREATE TABLE `approval_table` (
  `id` bigint(20) unsigned NOT NULL AUTO_INCREMENT,
  `document_id` bigint(20) unsigned NOT NULL,
  `user_id` bigint(20) unsigned NOT NULL,
  `from_user` int(11) NOT NULL DEFAULT 0,
  `approval_type` varchar(100) NOT NULL,
  `remarks` varchar(1000) DEFAULT NULL,
  `status` int(11) NOT NULL DEFAULT 0,
  `created_at` timestamp NULL DEFAULT NULL,
  `updated_at` timestamp NULL DEFAULT NULL,
  PRIMARY KEY (`id`),
  KEY `approval_table_document_id_foreign` (`document_id`),
  CONSTRAINT `approval_table_document_id_foreign` FOREIGN KEY (`document_id`) REFERENCES `documents` (`document_id`) ON DELETE CASCADE ON UPDATE CASCADE
) ENGINE=InnoDB AUTO_INCREMENT=143 DEFAULT CHARSET=utf8mb4 COLLATE=utf8mb4_unicode_ci;
/*!40101 SET character_set_client = @saved_cs_client */;

--
-- Dumping data for table `approval_table`
--

LOCK TABLES `approval_table` WRITE;
/*!40000 ALTER TABLE `approval_table` DISABLE KEYS */;
INSERT INTO `approval_table` VALUES (134,247,19,0,'pre-approval','41dsf13ewqrWeWQQWRqwe',0,'2026-01-16 06:59:33','2026-01-16 06:59:33'),(135,248,44,0,'pre-approval','fadsadadads',1,'2026-01-20 03:37:18','2026-01-22 01:53:16'),(136,248,44,44,'pre-approval','asdadad',1,'2026-01-20 03:38:17','2026-01-22 01:53:16'),(137,248,46,44,'final-approval','for final approval',1,'2026-01-20 03:40:28','2026-01-20 03:48:38'),(138,254,44,0,'pre-approval','adsadasds',1,'2026-01-20 06:12:47','2026-01-22 01:53:16'),(139,254,46,44,'final-approval','approved',1,'2026-01-20 06:13:51','2026-01-20 06:14:47'),(140,259,44,0,'pre-approval','preapproval1',1,'2026-01-22 01:48:18','2026-01-22 01:53:16'),(141,259,46,44,'final-approval','final approval',1,'2026-01-22 01:49:12','2026-01-22 01:52:27'),(142,266,62,0,'final-approval','final approval',1,'2026-01-26 05:29:20','2026-01-26 05:30:28');
/*!40000 ALTER TABLE `approval_table` ENABLE KEYS */;
UNLOCK TABLES;

--
-- Table structure for table `cache`
--

DROP TABLE IF EXISTS `cache`;
/*!40101 SET @saved_cs_client     = @@character_set_client */;
/*!50503 SET character_set_client = utf8mb4 */;
CREATE TABLE `cache` (
  `key` varchar(255) NOT NULL,
  `value` mediumtext NOT NULL,
  `expiration` int(11) NOT NULL,
  PRIMARY KEY (`key`)
) ENGINE=InnoDB DEFAULT CHARSET=utf8mb4 COLLATE=utf8mb4_unicode_ci;
/*!40101 SET character_set_client = @saved_cs_client */;

--
-- Dumping data for table `cache`
--

LOCK TABLES `cache` WRITE;
/*!40000 ALTER TABLE `cache` DISABLE KEYS */;
/*!40000 ALTER TABLE `cache` ENABLE KEYS */;
UNLOCK TABLES;

--
-- Table structure for table `cache_locks`
--

DROP TABLE IF EXISTS `cache_locks`;
/*!40101 SET @saved_cs_client     = @@character_set_client */;
/*!50503 SET character_set_client = utf8mb4 */;
CREATE TABLE `cache_locks` (
  `key` varchar(255) NOT NULL,
  `owner` varchar(255) NOT NULL,
  `expiration` int(11) NOT NULL,
  PRIMARY KEY (`key`)
) ENGINE=InnoDB DEFAULT CHARSET=utf8mb4 COLLATE=utf8mb4_unicode_ci;
/*!40101 SET character_set_client = @saved_cs_client */;

--
-- Dumping data for table `cache_locks`
--

LOCK TABLES `cache_locks` WRITE;
/*!40000 ALTER TABLE `cache_locks` DISABLE KEYS */;
/*!40000 ALTER TABLE `cache_locks` ENABLE KEYS */;
UNLOCK TABLES;

--
-- Table structure for table `document_types`
--

DROP TABLE IF EXISTS `document_types`;
/*!40101 SET @saved_cs_client     = @@character_set_client */;
/*!50503 SET character_set_client = utf8mb4 */;
CREATE TABLE `document_types` (
  `id` bigint(20) unsigned NOT NULL AUTO_INCREMENT,
  `document_type` varchar(255) NOT NULL,
  `description` text DEFAULT NULL,
  `created_at` timestamp NULL DEFAULT NULL,
  `updated_at` timestamp NULL DEFAULT NULL,
  PRIMARY KEY (`id`)
) ENGINE=InnoDB AUTO_INCREMENT=16 DEFAULT CHARSET=utf8mb4 COLLATE=utf8mb4_unicode_ci;
/*!40101 SET character_set_client = @saved_cs_client */;

--
-- Dumping data for table `document_types`
--

LOCK TABLES `document_types` WRITE;
/*!40000 ALTER TABLE `document_types` DISABLE KEYS */;
INSERT INTO `document_types` VALUES (1,'MEMO',NULL,'2025-11-13 18:05:50','2025-11-13 18:05:50'),(3,'CSW',NULL,'2025-11-23 20:51:25','2025-11-23 20:51:25'),(4,'TESDA ORDER',NULL,'2025-11-23 20:51:37','2025-11-23 20:51:37'),(5,'TESDA CIRCULAR',NULL,'2025-11-23 20:51:43','2025-11-23 20:51:43'),(6,'ROUTE SLIP',NULL,'2025-11-23 20:51:50','2025-11-23 20:51:50'),(7,'TOR',NULL,'2025-11-23 20:51:56','2025-11-23 20:51:56'),(8,'INVITATION LETTERS & CONFORME',NULL,'2025-11-23 20:52:02','2025-11-23 20:52:02'),(9,'POSITION PAPER',NULL,'2025-11-23 20:52:33','2025-11-23 20:52:33'),(10,'LETTER',NULL,'2025-11-23 20:52:41','2025-11-23 20:52:41'),(11,'BRIEFING NOTE',NULL,'2025-11-23 20:52:47','2025-11-23 20:52:47'),(12,'MESSAGE',NULL,'2025-11-23 20:52:52','2025-11-23 20:52:52'),(13,'CERTIFICATES',NULL,'2025-11-23 20:52:57','2025-11-23 20:52:57'),(14,'ORS, DV\'s',NULL,'2025-11-23 20:53:03','2025-11-23 20:53:03');
/*!40000 ALTER TABLE `document_types` ENABLE KEYS */;
UNLOCK TABLES;

--
-- Table structure for table `documents`
--

DROP TABLE IF EXISTS `documents`;
/*!40101 SET @saved_cs_client     = @@character_set_client */;
/*!50503 SET character_set_client = utf8mb4 */;
CREATE TABLE `documents` (
  `document_id` bigint(20) unsigned NOT NULL AUTO_INCREMENT,
  `document_control_number` varchar(255) NOT NULL,
  `document_code` varchar(1000) NOT NULL,
  `date_received` datetime DEFAULT NULL,
  `label` varchar(255) DEFAULT NULL,
  `particular` text NOT NULL,
  `office_origin` varchar(100) NOT NULL,
  `destination_office` varchar(100) DEFAULT NULL,
  `user_id` bigint(20) unsigned NOT NULL,
  `sender_id` int(11) NOT NULL DEFAULT 0,
  `recipient_id` varchar(10) DEFAULT NULL,
  `document_form` varchar(50) NOT NULL,
  `document_type` varchar(50) NOT NULL,
  `date_of_document` date DEFAULT NULL,
  `due_date` date DEFAULT NULL,
  `signatory` varchar(100) NOT NULL,
  `date_forwarded` datetime DEFAULT NULL,
  `receipt_confirmation` int(11) NOT NULL DEFAULT 0,
  `receipt_confirmed_by` int(11) NOT NULL DEFAULT 0,
  `involved_office` varchar(255) DEFAULT NULL,
  `action_taken` text DEFAULT NULL,
  `status` varchar(50) NOT NULL DEFAULT 'Pending',
  `revision_status` int(11) NOT NULL DEFAULT 0,
  `remarks` varchar(255) DEFAULT NULL,
  `confidentiality` varchar(255) NOT NULL DEFAULT 'None',
  `created_at` timestamp NULL DEFAULT NULL,
  `updated_at` timestamp NULL DEFAULT NULL,
  PRIMARY KEY (`document_id`)
) ENGINE=InnoDB AUTO_INCREMENT=271 DEFAULT CHARSET=utf8mb4 COLLATE=utf8mb4_unicode_ci;
/*!40101 SET character_set_client = @saved_cs_client */;

--
-- Dumping data for table `documents`
--

LOCK TABLES `documents` WRITE;
/*!40000 ALTER TABLE `documents` DISABLE KEYS */;
INSERT INTO `documents` VALUES (242,'16012026-00001','sadasdad','2026-01-16 00:00:00',NULL,'asdad','PO','ODDG-PP',22,0,'17','PDF','MEMO',NULL,NULL,'adads','2026-01-16 14:13:34',1,17,'[\"PO\",\"PO\",\"ODDG-PP\"]',NULL,'Pending',0,'asdasd','None','2026-01-16 06:13:34','2026-01-16 06:13:46'),(243,'16012026-00002','sad','2026-01-16 00:00:00',NULL,'asd','PO','ODDG-PP',22,0,'17','PDF','MEMO',NULL,NULL,'asd','2026-01-16 14:18:11',1,17,'[\"PO\",\"PO\",\"ODDG-PP\"]',NULL,'Pending',0,'asd','None','2026-01-16 06:18:11','2026-01-16 06:18:22'),(244,'16012026-00003','1wqeqw','2026-01-16 00:00:00',NULL,'qweq','PO','ODDG-PP',22,0,'17','PDF','TOR',NULL,NULL,'qweq','2026-01-16 14:24:52',1,17,'[\"PO\",\"PO\",\"ODDG-PP\"]',NULL,'Pending',0,'eqwewe','None','2026-01-16 06:24:52','2026-01-16 06:25:01'),(245,'16012026-00004','asdad','2026-01-16 00:00:00',NULL,'asdasd','PO','ODDG-PP',22,0,'17','PDF','TESDA CIRCULAR',NULL,NULL,'asdasd','2026-01-16 14:30:04',1,17,'[\"PO\",\"PO\",\"ODDG-PP\"]',NULL,'Pending',0,'asdasd','None','2026-01-16 06:30:04','2026-01-16 06:30:11'),(246,'16012026-00005','sdada','2026-01-16 00:00:00',NULL,'asdad','PO','ODDG-PP',22,0,'17','PDF','TOR',NULL,NULL,'sdada','2026-01-16 14:38:18',1,17,'[\"PO\",\"PO\",\"ODDG-PP\"]',NULL,'Pending',0,'asdadas','None','2026-01-16 06:38:18','2026-01-16 06:38:24'),(247,'16012026-00006','sadasd','2026-01-16 00:00:00',NULL,'asdad','PO','ODDG-PP',22,17,'19','PDF','TESDA ORDER',NULL,NULL,'asdad','2026-01-16 14:59:33',1,17,'[\"PO\",\"PO\",\"ODDG-PP\"]',NULL,'For Approval',0,'asdads','None','2026-01-16 06:40:18','2026-01-16 06:59:33'),(248,'20012026-00001','asd123','2026-01-20 00:00:00',NULL,'asd','DEV','DEV',16,43,NULL,'PDF','MESSAGE',NULL,NULL,'asd','2026-01-20 12:09:39',0,0,'[\"DEV\",\"DEV\",\"SU\"]',NULL,'Signed',0,'asd','None','2026-01-20 02:40:42','2026-01-20 04:09:39'),(249,'20012026-00002','123','2026-01-20 00:00:00','ASEAN','asd','DEV','ODDG-PP',16,0,'45','PDF','CERTIFICATES',NULL,NULL,'asd','2026-01-20 10:44:24',1,45,'[\"DEV\",\"DEV\",\"ODDG-PP\"]',NULL,'Pending',0,'asd','None','2026-01-20 02:44:24','2026-01-21 06:38:55'),(250,'20012026-00003','test02','2026-01-20 00:00:00','ASEAN','test02','SU','ODDG-PP',43,0,'45','PDF','CERTIFICATES',NULL,NULL,'test02','2026-01-20 10:54:03',1,45,'[\"SU\",\"SU\",\"ODDG-PP\"]',NULL,'Pending',0,'test02','None','2026-01-20 02:54:03','2026-01-21 06:39:00'),(251,'20012026-00004','test03','2026-01-20 00:00:00','asdd','test03','SU','ODDG-PP',43,0,'45','PDF','CERTIFICATES',NULL,NULL,'test03','2026-01-20 10:58:56',1,45,'[\"SU\",\"SU\",\"ODDG-PP\"]',NULL,'Pending',0,'test03','None','2026-01-20 02:58:56','2026-01-21 06:39:03'),(252,'20012026-00005','test04','2026-01-20 00:00:00','Other','test04','SU','ODDG-PP',43,0,'45','PDF','CERTIFICATES',NULL,'2026-01-10','test04','2026-01-20 11:00:58',1,45,'[\"SU\",\"SU\",\"ODDG-PP\"]',NULL,'Pending',0,'test04','None','2026-01-20 03:00:58','2026-01-21 06:39:10'),(253,'20012026-00006','test05','2026-01-20 00:00:00',NULL,'test0005','ODDG-PP','SU',45,0,NULL,'PDF','LETTER',NULL,NULL,'test0005','2026-01-20 11:08:03',0,0,'[\"ODDG-PP\",\"ODDG-PP\",\"SU\"]',NULL,'Routed',0,'test0005','None','2026-01-20 03:08:03','2026-01-20 03:08:03'),(254,'20012026-00007','test033','2026-01-20 00:00:00','asdd','test033','ODDG-PP','ODDG-PP',45,43,'45','PDF','CERTIFICATES',NULL,NULL,'test033','2026-01-20 14:16:44',1,45,'[\"ODDG-PP\",\"ODDG-PP\",\"SU\"]',NULL,'Completed',0,'test033','None','2026-01-20 06:10:59','2026-01-21 06:39:13'),(255,'21012026-00001','qwe','2026-01-21 00:00:00',NULL,'qwe','ODDG-PP','SU',45,0,NULL,'PDF','ORS, DV&#x27;s',NULL,NULL,'qwe','2026-01-21 13:11:30',0,0,'[\"ODDG-PP\",\"ODDG-PP\",\"SU\"]',NULL,'Routed',0,'qwe','None','2026-01-21 05:11:30','2026-01-21 05:11:30'),(256,'21012026-00002','adas','2026-01-21 00:00:00',NULL,'asda','ODDG-PP','SU',45,0,'43','PDF','OTHER - asdaasd',NULL,NULL,'asdasd','2026-01-21 13:12:09',1,43,'[\"ODDG-PP\",\"ODDG-PP\",\"SU\"]',NULL,'Pending',0,'asdads','None','2026-01-21 05:12:09','2026-01-22 02:15:31'),(257,'22012026-00001','PO1231','2026-01-22 00:00:00',NULL,'1231231adsa','SU','ODDG-PP',43,0,'45','PDF','MESSAGE',NULL,NULL,'asdads','2026-01-22 09:45:26',1,45,'[\"SU\",\"SU\",\"ODDG-PP\"]',NULL,'Pending',0,'asdasdda','None','2026-01-22 01:45:26','2026-01-22 01:45:52'),(258,'22012026-00002','asdad','2026-01-22 00:00:00',NULL,'asdads','ODDG-PP','ODDG-PP',45,0,'47','PDF','LETTER',NULL,NULL,'adsadsds','2026-01-22 09:46:48',1,47,'[\"ODDG-PP\",\"ODDG-PP\"]',NULL,'Completed',0,'asdadads','None','2026-01-22 01:46:48','2026-01-22 03:54:21'),(259,'22012026-00003','asda','2026-01-22 00:00:00',NULL,'asdads','ODDG-PP','ODDG-PP',45,43,NULL,'PDF','ORS, DV&#x27;s',NULL,NULL,'asdads','2026-01-22 09:54:16',0,0,'[\"ODDG-PP\",\"ODDG-PP\",\"SU\"]',NULL,'Remanded',0,'adsadsads','None','2026-01-22 01:47:23','2026-01-22 01:54:16'),(260,'22012026-00004','testpp','2026-01-22 00:00:00',NULL,'testpp','SU','ODDG-PP',43,0,'47','PDF','ROUTE SLIP',NULL,NULL,'testpp','2026-01-22 10:13:17',1,47,'[\"SU\",\"SU\",\"ODDG-PP\"]',NULL,'Pending',0,'testpp','None','2026-01-22 02:13:17','2026-01-22 02:14:38'),(261,'22012026-00005','TEST','2026-01-22 00:00:00',NULL,'testo','ODDG-PP','SU',45,0,NULL,'PDF','LETTER',NULL,NULL,'testo','2026-01-22 14:26:36',0,0,'[\"ODDG-PP\",\"ODDG-PP\",\"SU\"]',NULL,'Routed',0,'testo','None','2026-01-22 06:26:36','2026-01-22 06:26:36'),(262,'22012026-00006','sjsis','2026-01-22 00:00:00',NULL,'wjejeje','ODDG-PP','SU',45,0,NULL,'PDF','LETTER','2026-01-22','2026-01-22','njsjsje','2026-01-22 14:27:40',0,0,'[\"ODDG-PP\",\"ODDG-PP\",\"SU\"]',NULL,'Routed',0,'snjsjs','None','2026-01-22 06:27:40','2026-01-22 06:27:40'),(263,'26012026-00001','123','2026-01-26 00:00:00',NULL,'123','PO','NITESD',58,0,NULL,'PDF','ROUTE SLIP',NULL,NULL,'123','2026-01-26 10:45:39',0,0,'[\"PO\",\"PO\",\"NITESD\"]',NULL,'Routed',0,'123','None','2026-01-26 02:45:39','2026-01-26 02:45:39'),(264,'26012026-00002','test','2026-01-26 00:00:00',NULL,'test','ODDG-PP','PO',49,0,NULL,'PDF','ROUTE SLIP',NULL,NULL,'test','2026-01-26 11:06:49',0,0,'[\"ODDG-PP\",\"ODDG-PP\",\"PO\"]',NULL,'Routed',0,'test','None','2026-01-26 03:06:49','2026-01-26 03:06:49'),(265,'26012026-00003','asd','2026-01-26 00:00:00',NULL,'asd','ODDG-PP','LDD',49,0,NULL,'PDF','MESSAGE',NULL,NULL,'asd','2026-01-26 11:07:59',0,0,'[\"ODDG-PP\",\"ODDG-PP\",\"LDD\"]',NULL,'Routed',0,'asd','None','2026-01-26 03:07:59','2026-01-26 03:07:59'),(266,'26012026-00004','asd','2026-01-26 00:00:00',NULL,'asd','ODDG-PP','QSO',49,58,NULL,'PDF','TESDA ORDER',NULL,NULL,'asd','2026-01-26 13:41:52',0,0,'[\"ODDG-PP\",\"ODDG-PP\",\"PO\"]',NULL,'Signed',0,'asd','None','2026-01-26 03:09:08','2026-01-26 05:41:52'),(267,'26012026-00005','asdads','2026-01-26 00:00:00',NULL,'asdasd','ODDG-PP','QSO',49,0,NULL,'PDF','ORS, DV&#x27;s',NULL,NULL,'asdasd','2026-01-26 11:10:25',0,0,'[\"ODDG-PP\",\"ODDG-PP\",\"QSO\"]',NULL,'Routed',0,'asdads','None','2026-01-26 03:10:25','2026-01-26 03:10:25'),(268,'26012026-00006','asdasd','2026-01-26 00:00:00',NULL,'asdasd','ODDG-PP','QSO',49,0,NULL,'PDF','TOR',NULL,NULL,'asdasd','2026-01-26 11:17:02',0,0,'[\"ODDG-PP\",\"ODDG-PP\",\"QSO\"]',NULL,'Routed',0,NULL,'None','2026-01-26 03:17:02','2026-01-26 03:17:02'),(269,'26012026-00007','qweq','2026-01-26 00:00:00','ASEAN','wqe','QSO','ODDG-PP',54,0,'49','PDF','CSW',NULL,NULL,'qwe','2026-01-26 13:59:28',1,49,'[\"QSO\",\"QSO\",\"ODDG-PP\"]',NULL,'Pending',0,'qwe','None','2026-01-26 05:59:28','2026-01-26 08:48:31'),(270,'26012026-00008','asd','2026-01-26 00:00:00',NULL,'asd','ODDG-PP','ODDG-PP',49,0,'49','PDF','ORS, DV&#x27;s',NULL,'2026-01-27','asd','2026-01-26 15:14:10',1,49,'[\"ODDG-PP\",\"ODDG-PP\"]',NULL,'Completed',0,'asd','None','2026-01-26 07:14:10','2026-01-26 07:16:13');
/*!40000 ALTER TABLE `documents` ENABLE KEYS */;
UNLOCK TABLES;

--
-- Table structure for table `failed_jobs`
--

DROP TABLE IF EXISTS `failed_jobs`;
/*!40101 SET @saved_cs_client     = @@character_set_client */;
/*!50503 SET character_set_client = utf8mb4 */;
CREATE TABLE `failed_jobs` (
  `id` bigint(20) unsigned NOT NULL AUTO_INCREMENT,
  `uuid` varchar(255) NOT NULL,
  `connection` text NOT NULL,
  `queue` text NOT NULL,
  `payload` longtext NOT NULL,
  `exception` longtext NOT NULL,
  `failed_at` timestamp NOT NULL DEFAULT current_timestamp(),
  PRIMARY KEY (`id`),
  UNIQUE KEY `failed_jobs_uuid_unique` (`uuid`)
) ENGINE=InnoDB DEFAULT CHARSET=utf8mb4 COLLATE=utf8mb4_unicode_ci;
/*!40101 SET character_set_client = @saved_cs_client */;

--
-- Dumping data for table `failed_jobs`
--

LOCK TABLES `failed_jobs` WRITE;
/*!40000 ALTER TABLE `failed_jobs` DISABLE KEYS */;
/*!40000 ALTER TABLE `failed_jobs` ENABLE KEYS */;
UNLOCK TABLES;

--
-- Table structure for table `files`
--

DROP TABLE IF EXISTS `files`;
/*!40101 SET @saved_cs_client     = @@character_set_client */;
/*!50503 SET character_set_client = utf8mb4 */;
CREATE TABLE `files` (
  `file_id` bigint(20) unsigned NOT NULL AUTO_INCREMENT,
  `document_id` bigint(20) unsigned NOT NULL,
  `file_name` varchar(1000) DEFAULT NULL,
  `file_path` varchar(255) NOT NULL,
  `file_password` varchar(255) DEFAULT NULL,
  `uploading_office` varchar(255) NOT NULL,
  `uploaded_by` bigint(20) unsigned NOT NULL,
  `uploaded_at` timestamp NOT NULL DEFAULT current_timestamp(),
  PRIMARY KEY (`file_id`),
  KEY `files_document_id_foreign` (`document_id`),
  KEY `files_uploaded_by_foreign` (`uploaded_by`),
  CONSTRAINT `files_document_id_foreign` FOREIGN KEY (`document_id`) REFERENCES `documents` (`document_id`) ON DELETE CASCADE,
  CONSTRAINT `files_uploaded_by_foreign` FOREIGN KEY (`uploaded_by`) REFERENCES `users` (`id`) ON DELETE CASCADE
) ENGINE=InnoDB AUTO_INCREMENT=229 DEFAULT CHARSET=utf8mb4 COLLATE=utf8mb4_unicode_ci;
/*!40101 SET character_set_client = @saved_cs_client */;

--
-- Dumping data for table `files`
--

LOCK TABLES `files` WRITE;
/*!40000 ALTER TABLE `files` DISABLE KEYS */;
INSERT INTO `files` VALUES (203,248,'DIAZ,_MINTON_(JO-2025-JulDec-CO-463).pdf','storage/assets/documents/DEV/pdf/696eeb2a42308-DIAZ,_MINTON_(JO-2025-JulDec-CO-463).pdf',NULL,'DEV',16,'2026-01-20 02:40:42'),(204,249,'Untitled_design_(15).pdf','storage/assets/documents/DEV/pdf/696eec08795e1-Untitled_design_(15).pdf',NULL,'DEV',16,'2026-01-20 02:44:24'),(220,263,'Untitled_design_(15).pdf','storage/assets/documents/PO/pdf/6976d553207b5-Untitled_design_(15).pdf',NULL,'PO',58,'2026-01-26 02:45:39'),(221,264,'Untitled_design_(15).pdf','storage/assets/documents/ODDG-PP/pdf/6976da4914415-Untitled_design_(15).pdf',NULL,'ODDG-PP',49,'2026-01-26 03:06:49'),(222,265,'6970232f494c7-DIAZ,_MINTON_(JO-2025-JulDec-CO-463).pdf','storage/assets/documents/ODDG-PP/pdf/6976da8f6330b-6970232f494c7-DIAZ,_MINTON_(JO-2025-JulDec-CO-463).pdf',NULL,'ODDG-PP',49,'2026-01-26 03:07:59'),(223,266,'Untitled_design_(15).pdf','storage/assets/documents/ODDG-PP/pdf/6976dad4d31d4-Untitled_design_(15).pdf',NULL,'ODDG-PP',49,'2026-01-26 03:09:08'),(224,267,'Untitled_design_(15).pdf','storage/assets/documents/ODDG-PP/pdf/6976db217e589-Untitled_design_(15).pdf',NULL,'ODDG-PP',49,'2026-01-26 03:10:25'),(225,268,'Untitled_design_(15).pdf','storage/assets/documents/ODDG-PP/pdf/6976dcaecceb3-Untitled_design_(15).pdf',NULL,'ODDG-PP',49,'2026-01-26 03:17:02'),(226,266,'696ef193e1d7b-2026-01-0000125_(1).pdf','storage/assets/documents/ODDG-PP/pdf/6976fe7b1fec6-696ef193e1d7b-2026-01-0000125_(1).pdf',NULL,'ODDG-PP',60,'2026-01-26 05:41:15'),(227,269,'Untitled_design_(15).pdf','storage/assets/documents/QSO/pdf/697702c0ce664-Untitled_design_(15).pdf',NULL,'QSO',54,'2026-01-26 05:59:28'),(228,270,'purposes_DIAZ_IPCR_2025-December-2025.docx_(2).pdf','storage/assets/documents/ODDG-PP/pdf/697714420a8bd-purposes_DIAZ_IPCR_2025-December-2025.docx_(2).pdf',NULL,'ODDG-PP',49,'2026-01-26 07:14:10');
/*!40000 ALTER TABLE `files` ENABLE KEYS */;
UNLOCK TABLES;

--
-- Table structure for table `finance`
--

DROP TABLE IF EXISTS `finance`;
/*!40101 SET @saved_cs_client     = @@character_set_client */;
/*!50503 SET character_set_client = utf8mb4 */;
CREATE TABLE `finance` (
  `id` bigint(20) unsigned NOT NULL AUTO_INCREMENT,
  `uploading_office` text NOT NULL,
  `uploaded_by` text NOT NULL,
  `transaction` enum('ORS','DV') NOT NULL,
  `date_processed` date DEFAULT NULL,
  `payee` varchar(255) NOT NULL,
  `particular` text NOT NULL,
  `responsibility_center` varchar(255) NOT NULL,
  `expenditure` varchar(255) DEFAULT NULL,
  `uacs_object_code` varchar(50) DEFAULT NULL,
  `amount` decimal(15,2) NOT NULL,
  `fund_cluster` varchar(50) DEFAULT NULL,
  `date_signed` date DEFAULT NULL,
  `status` text DEFAULT 'Processing',
  `file_path` varchar(255) NOT NULL,
  `file_name` varchar(255) DEFAULT NULL,
  `created_at` timestamp NULL DEFAULT NULL,
  `updated_at` timestamp NULL DEFAULT NULL,
  PRIMARY KEY (`id`)
) ENGINE=InnoDB AUTO_INCREMENT=22 DEFAULT CHARSET=utf8mb4 COLLATE=utf8mb4_unicode_ci;
/*!40101 SET character_set_client = @saved_cs_client */;

--
-- Dumping data for table `finance`
--

LOCK TABLES `finance` WRITE;
/*!40000 ALTER TABLE `finance` DISABLE KEYS */;
INSERT INTO `finance` VALUES (9,'6','45','ORS',NULL,'asda','asd','asdad','ORS','asd',12313.00,'asd',NULL,'Processing','storage/assets/finance/pdf/69701b2974156-696ef193e1d7b-2026-01-0000125.pdf','696ef193e1d7b-2026-01-0000125.pdf','2026-01-21 00:17:45','2026-01-21 00:17:45'),(10,'65','43','ORS',NULL,'asdasd','asdasd','asdds','ORS','asd',12332.00,'asdasdads',NULL,'Processing','storage/assets/finance/pdf/6970215593f49-696ef193e1d7b-2026-01-0000125.pdf','696ef193e1d7b-2026-01-0000125.pdf','2026-01-21 00:44:05','2026-01-21 00:44:05'),(11,'65','43','ORS',NULL,'asdad','asdad','asdasd','ORS','asdasd',12333.00,'adsads',NULL,'Processing','storage/assets/finance/SU/pdf/6970232f494c7-DIAZ,_MINTON_(JO-2025-JulDec-CO-463).pdf','DIAZ,_MINTON_(JO-2025-JulDec-CO-463).pdf','2026-01-21 00:51:59','2026-01-21 00:51:59'),(12,'65','43','ORS',NULL,'asddas','asdasd','asd','ORS','asd',12333.00,'asda',NULL,'Processing','storage/assets/finance/SU/pdf/69702d9a11c28-696ef193e1d7b-2026-01-0000125_(1).pdf','696ef193e1d7b-2026-01-0000125_(1).pdf','2026-01-21 01:36:26','2026-01-21 01:36:26'),(13,'65','43','ORS',NULL,'asdad','asd','asd','ORS','asd',12333.00,'asd',NULL,'completed','storage/assets/finance/SU/pdf/69702e5a17874-Untitled_design_(15).pdf','Untitled_design_(15).pdf','2026-01-21 01:39:38','2026-01-22 01:22:25'),(14,'6','45','ORS',NULL,'sdf','sdf','sdf','ORS','sdf',23444.00,'sdf',NULL,'Processing','storage/assets/finance/ODDG-PP/pdf/6970428d0b5b3-DIAZ,_MINTON_(JO-2025-JulDec-CO-463).pdf','DIAZ,_MINTON_(JO-2025-JulDec-CO-463).pdf','2026-01-21 03:05:49','2026-01-21 03:05:49'),(15,'6','45','ORS',NULL,'asd','asd','asda','ORS','asdds',12312.00,'qadd',NULL,'Processing','storage/assets/finance/ODDG-PP/pdf/69707d7e16e04-6970232f494c7-DIAZ,_MINTON_(JO-2025-JulDec-CO-463).pdf','6970232f494c7-DIAZ,_MINTON_(JO-2025-JulDec-CO-463).pdf','2026-01-21 07:17:18','2026-01-21 07:17:18'),(16,'6','45','ORS',NULL,'erwdf','2ewwa','asdaw','ORS','adwadawd',123456.00,'asdaasd',NULL,'Processing','storage/assets/finance/ODDG-PP/pdf/69707d9fb2d50-696ef193e1d7b-2026-01-0000125_(1).pdf','696ef193e1d7b-2026-01-0000125_(1).pdf','2026-01-21 07:17:51','2026-01-21 07:17:51'),(17,'6','45','ORS',NULL,'123aswda','awdawd','awdawd','putragis','awdadw',123456.00,'adawdaw',NULL,'Processing','storage/assets/finance/ODDG-PP/pdf/69708071398bb-6970232f494c7-DIAZ,_MINTON_(JO-2025-JulDec-CO-463).pdf','6970232f494c7-DIAZ,_MINTON_(JO-2025-JulDec-CO-463).pdf','2026-01-21 07:29:53','2026-01-21 07:29:53'),(18,'6','45','ORS',NULL,'ROSANA','pement','ODDG-PP01','supplies','123456',50000.00,'101',NULL,'Processing','storage/assets/finance/ODDG-PP/pdf/697084b618145-696ef193e1d7b-2026-01-0000125_(1).pdf','696ef193e1d7b-2026-01-0000125_(1).pdf','2026-01-21 07:48:06','2026-01-21 07:48:06'),(19,'6','45','ORS',NULL,'asdasd','asdasd','asda','eme','asdad',280000.00,'asdads',NULL,'Processing','storage/assets/finance/ODDG-PP/pdf/69708528f0aa2-696ef193e1d7b-2026-01-0000125.pdf','696ef193e1d7b-2026-01-0000125.pdf','2026-01-21 07:50:00','2026-01-21 07:50:00'),(20,'65','43','ORS',NULL,'asdsd','asdadsds','asdads','12333dw','asddas',123345.00,'asdads',NULL,'approved','storage/assets/finance/SU/pdf/6971789a80120-Untitled_design_(15).pdf','Untitled_design_(15).pdf','2026-01-22 01:08:42','2026-01-22 01:25:23'),(21,'65','43','DV',NULL,'ddg rosana','asdada','asdadsads','internet','123123',500000.00,'101',NULL,'completed','storage/assets/finance/SU/pdf/697188a2f1854-696ef193e1d7b-2026-01-0000125_(1).pdf','696ef193e1d7b-2026-01-0000125_(1).pdf','2026-01-22 02:17:06','2026-01-22 02:19:55');
/*!40000 ALTER TABLE `finance` ENABLE KEYS */;
UNLOCK TABLES;

--
-- Table structure for table `finance_activity`
--

DROP TABLE IF EXISTS `finance_activity`;
/*!40101 SET @saved_cs_client     = @@character_set_client */;
/*!50503 SET character_set_client = utf8mb4 */;
CREATE TABLE `finance_activity` (
  `id` bigint(20) unsigned NOT NULL AUTO_INCREMENT,
  `finance_id` int(11) DEFAULT 0,
  `timestamp` timestamp NOT NULL DEFAULT current_timestamp(),
  `activity` varchar(255) NOT NULL,
  `remarks` text DEFAULT NULL,
  `status` varchar(50) NOT NULL DEFAULT 'pending',
  `created_at` timestamp NULL DEFAULT NULL,
  `updated_at` timestamp NULL DEFAULT NULL,
  PRIMARY KEY (`id`)
) ENGINE=InnoDB AUTO_INCREMENT=28 DEFAULT CHARSET=utf8mb4 COLLATE=utf8mb4_unicode_ci;
/*!40101 SET character_set_client = @saved_cs_client */;

--
-- Dumping data for table `finance_activity`
--

LOCK TABLES `finance_activity` WRITE;
/*!40000 ALTER TABLE `finance_activity` DISABLE KEYS */;
INSERT INTO `finance_activity` VALUES (1,11,'2026-01-21 01:23:57','endorsed to odg','endorsed to odg','pending','2026-01-21 01:23:57','2026-01-21 01:23:57'),(2,12,'2026-01-21 01:39:56','open sesame','asdasd','pending','2026-01-21 01:39:56','2026-01-21 01:39:56'),(3,0,'2026-01-21 01:45:25','asdasd','asdasd','completed','2026-01-21 01:45:25','2026-01-21 01:45:25'),(4,13,'2026-01-21 01:47:35','asdad','asdasdadas','pending','2026-01-21 01:47:35','2026-01-21 01:47:35'),(5,13,'2026-01-21 01:47:55','asdd','asdsadads','completed','2026-01-21 01:47:55','2026-01-21 01:47:55'),(6,13,'2026-01-21 01:48:01','asdadad','asdadasd','returned','2026-01-21 01:48:01','2026-01-21 01:48:01'),(7,13,'2026-01-21 01:53:47','signed by the odg and ready to be scanned','asdadad','completed','2026-01-21 01:53:47','2026-01-21 01:53:47'),(8,13,'2026-01-21 01:53:59','osige kayo na pouge','asdadd','pending','2026-01-21 01:53:59','2026-01-21 01:53:59'),(9,9,'2026-01-21 03:04:32','puge','asdad','completed','2026-01-21 03:04:32','2026-01-21 03:04:32'),(10,17,'2026-01-21 07:35:16','tata','tata','completed','2026-01-21 07:35:16','2026-01-21 07:35:16'),(11,18,'2026-01-21 07:49:00','endorsed to ODG','endorsed to cash','pending','2026-01-21 07:49:00','2026-01-21 07:49:00'),(12,20,'2026-01-22 01:16:13','approved by ddg','signed and approved and ready to be endorse to budget','completed','2026-01-22 01:16:13','2026-01-22 01:16:13'),(13,20,'2026-01-22 01:16:14','approved by ddg','signed and approved and ready to be endorse to budget','completed','2026-01-22 01:16:14','2026-01-22 01:16:14'),(14,20,'2026-01-22 01:16:15','approved by ddg','signed and approved and ready to be endorse to budget','completed','2026-01-22 01:16:15','2026-01-22 01:16:15'),(15,20,'2026-01-22 01:16:16','approved by ddg','signed and approved and ready to be endorse to budget','completed','2026-01-22 01:16:16','2026-01-22 01:16:16'),(16,20,'2026-01-22 01:16:17','approved by ddg','signed and approved and ready to be endorse to budget','completed','2026-01-22 01:16:17','2026-01-22 01:16:17'),(17,20,'2026-01-22 01:16:18','approved by ddg','signed and approved and ready to be endorse to budget','completed','2026-01-22 01:16:18','2026-01-22 01:16:18'),(18,20,'2026-01-22 01:17:01','approved by ddg','signed and approved and ready to be endorse to budget','completed','2026-01-22 01:17:01','2026-01-22 01:17:01'),(19,20,'2026-01-22 01:22:09','endorsed to cash',NULL,'completed','2026-01-22 01:22:09','2026-01-22 01:22:09'),(20,13,'2026-01-22 01:22:25','approved',NULL,'completed','2026-01-22 01:22:25','2026-01-22 01:22:25'),(21,20,'2026-01-22 01:25:03','returned',NULL,'returned','2026-01-22 01:25:03','2026-01-22 01:25:03'),(22,20,'2026-01-22 01:25:23','approved',NULL,'approved','2026-01-22 01:25:23','2026-01-22 01:25:23'),(23,21,'2026-01-22 02:17:38','endorsed to budget','for processing ni budget','processing','2026-01-22 02:17:38','2026-01-22 02:17:38'),(24,21,'2026-01-22 02:18:13','approved by ddg','wadasdawd','approved','2026-01-22 02:18:13','2026-01-22 02:18:13'),(25,21,'2026-01-22 02:18:51','for approval','January 22, 2025: received from account and for approval ni ddg','processing','2026-01-22 02:18:51','2026-01-22 02:18:51'),(26,21,'2026-01-22 02:19:36','signed',NULL,'approved','2026-01-22 02:19:36','2026-01-22 02:19:36'),(27,21,'2026-01-22 02:19:55','reimbursed or paid by cash',NULL,'completed','2026-01-22 02:19:55','2026-01-22 02:19:55');
/*!40000 ALTER TABLE `finance_activity` ENABLE KEYS */;
UNLOCK TABLES;

--
-- Table structure for table `finance_budget`
--

DROP TABLE IF EXISTS `finance_budget`;
/*!40101 SET @saved_cs_client     = @@character_set_client */;
/*!50503 SET character_set_client = utf8mb4 */;
CREATE TABLE `finance_budget` (
  `id` bigint(20) unsigned NOT NULL AUTO_INCREMENT,
  `year` year(4) NOT NULL,
  `office_code` text DEFAULT NULL,
  `amount` decimal(15,2) NOT NULL DEFAULT 0.00,
  `created_at` timestamp NULL DEFAULT NULL,
  `updated_at` timestamp NULL DEFAULT NULL,
  PRIMARY KEY (`id`),
  KEY `finance_budget_year_index` (`year`)
) ENGINE=InnoDB AUTO_INCREMENT=7 DEFAULT CHARSET=utf8mb4 COLLATE=utf8mb4_unicode_ci;
/*!40101 SET character_set_client = @saved_cs_client */;

--
-- Dumping data for table `finance_budget`
--

LOCK TABLES `finance_budget` WRITE;
/*!40000 ALTER TABLE `finance_budget` DISABLE KEYS */;
INSERT INTO `finance_budget` VALUES (1,2026,NULL,4000000.00,'2026-01-20 00:06:23','2026-01-20 06:30:34'),(2,2027,NULL,5000000.00,'2026-01-20 06:30:45','2026-01-20 06:30:45'),(3,2026,'SU',4000000.00,'2026-01-21 00:13:55','2026-01-21 00:13:55'),(4,2026,'ODDG-PP',4000000.00,'2026-01-21 00:15:46','2026-01-21 07:46:46'),(5,2027,'SU',10000000.00,'2026-01-21 00:43:46','2026-01-21 00:43:46'),(6,2027,'ODDG-PP',5000000.00,'2026-01-21 07:45:28','2026-01-21 07:45:28');
/*!40000 ALTER TABLE `finance_budget` ENABLE KEYS */;
UNLOCK TABLES;

--
-- Table structure for table `jobs`
--

DROP TABLE IF EXISTS `jobs`;
/*!40101 SET @saved_cs_client     = @@character_set_client */;
/*!50503 SET character_set_client = utf8mb4 */;
CREATE TABLE `jobs` (
  `id` bigint(20) unsigned NOT NULL AUTO_INCREMENT,
  `queue` varchar(255) NOT NULL,
  `payload` longtext NOT NULL,
  `attempts` tinyint(3) unsigned NOT NULL,
  `reserved_at` int(10) unsigned DEFAULT NULL,
  `available_at` int(10) unsigned NOT NULL,
  `created_at` int(10) unsigned NOT NULL,
  PRIMARY KEY (`id`),
  KEY `jobs_queue_index` (`queue`)
) ENGINE=InnoDB AUTO_INCREMENT=17 DEFAULT CHARSET=utf8mb4 COLLATE=utf8mb4_unicode_ci;
/*!40101 SET character_set_client = @saved_cs_client */;

--
-- Dumping data for table `jobs`
--

LOCK TABLES `jobs` WRITE;
/*!40000 ALTER TABLE `jobs` DISABLE KEYS */;
/*!40000 ALTER TABLE `jobs` ENABLE KEYS */;
UNLOCK TABLES;

--
-- Table structure for table `label_table`
--

DROP TABLE IF EXISTS `label_table`;
/*!40101 SET @saved_cs_client     = @@character_set_client */;
/*!50503 SET character_set_client = utf8mb4 */;
CREATE TABLE `label_table` (
  `id` bigint(20) unsigned NOT NULL AUTO_INCREMENT,
  `label_name` varchar(100) NOT NULL,
  `created_at` timestamp NULL DEFAULT NULL,
  `updated_at` timestamp NULL DEFAULT NULL,
  PRIMARY KEY (`id`),
  UNIQUE KEY `label_table_label_name_unique` (`label_name`)
) ENGINE=InnoDB AUTO_INCREMENT=6 DEFAULT CHARSET=utf8mb4 COLLATE=utf8mb4_unicode_ci;
/*!40101 SET character_set_client = @saved_cs_client */;

--
-- Dumping data for table `label_table`
--

LOCK TABLES `label_table` WRITE;
/*!40000 ALTER TABLE `label_table` DISABLE KEYS */;
INSERT INTO `label_table` VALUES (4,'ASEAN','2026-01-21 04:21:47','2026-01-21 04:21:47'),(5,'asdd','2026-01-21 04:24:46','2026-01-21 04:24:46');
/*!40000 ALTER TABLE `label_table` ENABLE KEYS */;
UNLOCK TABLES;

--
-- Table structure for table `listing_photos`
--

DROP TABLE IF EXISTS `listing_photos`;
/*!40101 SET @saved_cs_client     = @@character_set_client */;
/*!50503 SET character_set_client = utf8mb4 */;
CREATE TABLE `listing_photos` (
  `id` bigint(20) unsigned NOT NULL AUTO_INCREMENT,
  `created_at` timestamp NULL DEFAULT NULL,
  `updated_at` timestamp NULL DEFAULT NULL,
  PRIMARY KEY (`id`)
) ENGINE=InnoDB DEFAULT CHARSET=utf8mb4 COLLATE=utf8mb4_unicode_ci;
/*!40101 SET character_set_client = @saved_cs_client */;

--
-- Dumping data for table `listing_photos`
--

LOCK TABLES `listing_photos` WRITE;
/*!40000 ALTER TABLE `listing_photos` DISABLE KEYS */;
/*!40000 ALTER TABLE `listing_photos` ENABLE KEYS */;
UNLOCK TABLES;

--
-- Table structure for table `listings`
--

DROP TABLE IF EXISTS `listings`;
/*!40101 SET @saved_cs_client     = @@character_set_client */;
/*!50503 SET character_set_client = utf8mb4 */;
CREATE TABLE `listings` (
  `id` bigint(20) unsigned NOT NULL AUTO_INCREMENT,
  `property_name` varchar(255) NOT NULL,
  `address` varchar(255) NOT NULL,
  `description` text DEFAULT NULL,
  `price` varchar(255) DEFAULT NULL,
  `link` varchar(255) DEFAULT NULL,
  `status` enum('Active','Pending','Sold') NOT NULL DEFAULT 'Active',
  `images` longtext CHARACTER SET utf8mb4 COLLATE utf8mb4_bin DEFAULT NULL CHECK (json_valid(`images`)),
  `created_at` timestamp NULL DEFAULT NULL,
  `updated_at` timestamp NULL DEFAULT NULL,
  PRIMARY KEY (`id`)
) ENGINE=InnoDB DEFAULT CHARSET=utf8mb4 COLLATE=utf8mb4_unicode_ci;
/*!40101 SET character_set_client = @saved_cs_client */;

--
-- Dumping data for table `listings`
--

LOCK TABLES `listings` WRITE;
/*!40000 ALTER TABLE `listings` DISABLE KEYS */;
/*!40000 ALTER TABLE `listings` ENABLE KEYS */;
UNLOCK TABLES;

--
-- Table structure for table `mailer_settings`
--

DROP TABLE IF EXISTS `mailer_settings`;
/*!40101 SET @saved_cs_client     = @@character_set_client */;
/*!50503 SET character_set_client = utf8mb4 */;
CREATE TABLE `mailer_settings` (
  `id` bigint(20) unsigned NOT NULL AUTO_INCREMENT,
  `mail_mailer` varchar(255) NOT NULL DEFAULT 'smtp',
  `mail_host` varchar(255) DEFAULT NULL,
  `mail_port` varchar(255) DEFAULT NULL,
  `mail_username` varchar(255) DEFAULT NULL,
  `mail_password` varchar(255) DEFAULT NULL,
  `mail_encryption` varchar(255) DEFAULT NULL,
  `mail_from_address` varchar(255) DEFAULT NULL,
  `mail_from_name` varchar(255) DEFAULT NULL,
  `created_at` timestamp NULL DEFAULT NULL,
  `updated_at` timestamp NULL DEFAULT NULL,
  PRIMARY KEY (`id`)
) ENGINE=InnoDB AUTO_INCREMENT=2 DEFAULT CHARSET=utf8mb4 COLLATE=utf8mb4_unicode_ci;
/*!40101 SET character_set_client = @saved_cs_client */;

--
-- Dumping data for table `mailer_settings`
--

LOCK TABLES `mailer_settings` WRITE;
/*!40000 ALTER TABLE `mailer_settings` DISABLE KEYS */;
INSERT INTO `mailer_settings` VALUES (1,'smtp','smtp.gmail.com','465','dmtoddgpp@gmail.com','lhza uvcn okxy onzw','ssl','dmtoddgpp@gmail.com','no-reply@DMTODDGPP','2026-01-19 01:37:40','2026-01-19 01:37:40');
/*!40000 ALTER TABLE `mailer_settings` ENABLE KEYS */;
UNLOCK TABLES;

--
-- Table structure for table `migrations`
--

DROP TABLE IF EXISTS `migrations`;
/*!40101 SET @saved_cs_client     = @@character_set_client */;
/*!50503 SET character_set_client = utf8mb4 */;
CREATE TABLE `migrations` (
  `id` int(10) unsigned NOT NULL AUTO_INCREMENT,
  `migration` varchar(255) NOT NULL,
  `batch` int(11) NOT NULL,
  PRIMARY KEY (`id`)
) ENGINE=InnoDB AUTO_INCREMENT=97 DEFAULT CHARSET=utf8mb4 COLLATE=utf8mb4_unicode_ci;
/*!40101 SET character_set_client = @saved_cs_client */;

--
-- Dumping data for table `migrations`
--

LOCK TABLES `migrations` WRITE;
/*!40000 ALTER TABLE `migrations` DISABLE KEYS */;
INSERT INTO `migrations` VALUES (1,'2014_10_12_000000_create_users_table',1),(2,'2014_10_12_100000_create_password_reset_tokens_table',1),(3,'2019_08_19_000000_create_failed_jobs_table',1),(4,'2019_12_14_000001_create_personal_access_tokens_table',1),(5,'2025_10_01_211517_add_role_to_users_table',1),(6,'2025_10_01_211540_create_nav_menus_table',1),(7,'2025_10_01_211604_create_themes_table',1),(8,'2025_10_02_161929_add_role_id_to_users_table',1),(9,'2025_10_02_163004_create_table_for_settings_role',1),(10,'2025_10_02_163732_rename_title_in_posts_table',1),(11,'2025_10_02_163754_rename_title_in_posts_table',1),(12,'2025_10_03_180527_add_parentmenu',1),(13,'2025_10_04_144632_create_mailer_settings_table',1),(14,'2025_10_27_011437_update_role_idcolumn_from_users',1),(15,'2025_10_28_125539_create_listings_table',1),(16,'2025_10_28_135008_create_listing_photos_table',1),(25,'2025_11_05_010550_create_office_table',2),(26,'2025_11_05_010843_create_userconfig_table',2),(27,'2025_11_05_034143_add_office_id_to_users_table',2),(28,'2025_11_05_051201_instert_user_status',3),(30,'2025_11_06_035725_insert_order_in_nav_menus',4),(35,'2025_11_11_034055_create_documents_table',5),(36,'2025_11_11_034126_create_files_table',5),(37,'2025_11_11_034136_create_modifications_table',5),(38,'2025_11_11_034145_create_notifications_table',5),(39,'2025_11_11_072346_create_activities_table',6),(40,'2025_11_11_085126_update_document_table_column_control_number_to_varchar',7),(41,'2025_11_13_010728_add_document_code_to_document_table',8),(42,'2025_11_14_013954_create_document_types_table',9),(43,'2025_11_14_035018_update_activities_column_document_control_number_to_varchar',10),(44,'2025_11_14_061351_add_remarks_to_documents_table',11),(45,'2025_11_14_061419_add_routed_to_and_final_remarks_to_activities_table',11),(46,'2025_11_14_070758_add_office_origin_destination_routed_to_to_notifications_table',12),(47,'2025_11_14_080109_add_due_date_to_document_table',13),(48,'2025_11_14_081811_update_date_of_docs_to_nullable',14),(49,'2025_11_17_014429_add_file_name_to_files_table',15),(50,'2025_11_19_053136_add_final_approval_column_to_activities_table',16),(51,'2025_11_20_070853_add_to_external_column_to_activities',17),(52,'2025_11_20_073528_add_recepient_id_to_document_table',18),(53,'2025_11_21_003414_add_from_user_id_to_notification_table',19),(54,'2025_11_21_003910_add_fromuserid_to_activities_table',20),(55,'2025_11_21_015324_create_approval_table',21),(56,'2025_11_21_033628_add_status_column_to_approval_table',22),(57,'2025_11_24_031110_add_allowed_office_to_nav_menus',23),(58,'2025_11_24_053210_add_label_to_documents_table',24),(59,'2025_11_24_075644_update_document_id_from_approval_table',25),(60,'2025_11_25_091039_add_receipt_confirmation_column_to_document_table',26),(62,'2025_11_26_004903_update_date_forwarded_to_datetime',27),(63,'2025_12_17_203302_add_sender_id_to_document_table',28),(64,'2025_12_17_220040_add_revised_status_in_documents_table',28),(65,'2025_12_22_153803_alter_allowed_office_column_on_nav_menus_table',29),(66,'2025_12_25_150806_update_default_value_on_your_table',30),(69,'2026_01_07_121837_create_label_table',31),(70,'2026_01_09_081226_add_column_to_documents_table',32),(71,'2026_01_09_085737_add_authoriza_signatory_in_users_table',32),(72,'2026_01_09_092032_add_from_user_in_approval_table',33),(79,'2026_01_19_133320_create_finance_table',34),(80,'2026_01_19_134715_add_filename_column_to_finance',34),(81,'2026_01_19_140425_create_finance_activity_table',34),(82,'2026_01_19_155553_add_column_to_finance_table_office_uploader',34),(83,'2026_01_19_213006_create_budget_table',35),(87,'2026_01_20_130051_add_officeid_to_activities',36),(88,'2026_01_21_075630_add_office_code_to_finance_budget_table',37),(89,'2026_01_21_092750_add_finance_id_to_activity',38),(91,'2026_01_22_085625_add_status_to_finance_table',39),(92,'2026_01_23_094844_add_column_office_level_column_to_office_table',40),(93,'2026_01_24_221131_create_sessions_table',41),(94,'2026_01_24_221645_add_session_id_to_users_table',41),(95,'2026_01_24_223037_create_cache_table',41),(96,'2026_01_26_110424_create_jobs_table',42);
/*!40000 ALTER TABLE `migrations` ENABLE KEYS */;
UNLOCK TABLES;

--
-- Table structure for table `modifications`
--

DROP TABLE IF EXISTS `modifications`;
/*!40101 SET @saved_cs_client     = @@character_set_client */;
/*!50503 SET character_set_client = utf8mb4 */;
CREATE TABLE `modifications` (
  `modification_id` bigint(20) unsigned NOT NULL AUTO_INCREMENT,
  `document_id` bigint(20) unsigned NOT NULL,
  `modified_by` bigint(20) unsigned NOT NULL,
  `modification_type` varchar(50) NOT NULL,
  `old_value` text DEFAULT NULL,
  `new_value` text DEFAULT NULL,
  `modified_at` timestamp NOT NULL DEFAULT current_timestamp(),
  PRIMARY KEY (`modification_id`),
  KEY `modifications_document_id_foreign` (`document_id`),
  KEY `modifications_modified_by_foreign` (`modified_by`),
  CONSTRAINT `modifications_document_id_foreign` FOREIGN KEY (`document_id`) REFERENCES `documents` (`document_id`) ON DELETE CASCADE,
  CONSTRAINT `modifications_modified_by_foreign` FOREIGN KEY (`modified_by`) REFERENCES `users` (`id`) ON DELETE CASCADE
) ENGINE=InnoDB AUTO_INCREMENT=2 DEFAULT CHARSET=utf8mb4 COLLATE=utf8mb4_unicode_ci;
/*!40101 SET character_set_client = @saved_cs_client */;

--
-- Dumping data for table `modifications`
--

LOCK TABLES `modifications` WRITE;
/*!40000 ALTER TABLE `modifications` DISABLE KEYS */;
/*!40000 ALTER TABLE `modifications` ENABLE KEYS */;
UNLOCK TABLES;

--
-- Table structure for table `nav_menus`
--

DROP TABLE IF EXISTS `nav_menus`;
/*!40101 SET @saved_cs_client     = @@character_set_client */;
/*!50503 SET character_set_client = utf8mb4 */;
CREATE TABLE `nav_menus` (
  `id` bigint(20) unsigned NOT NULL AUTO_INCREMENT,
  `title` varchar(255) NOT NULL,
  `icon` varchar(255) DEFAULT NULL,
  `link` varchar(255) NOT NULL,
  `allowed_roles` longtext CHARACTER SET utf8mb4 COLLATE utf8mb4_bin NOT NULL CHECK (json_valid(`allowed_roles`)),
  `allowed_office` longtext CHARACTER SET utf8mb4 COLLATE utf8mb4_bin DEFAULT NULL COMMENT '(DC2Type:json)' CHECK (json_valid(`allowed_office`)),
  `parent_menu` int(11) NOT NULL DEFAULT 0,
  `menu_order` int(11) NOT NULL DEFAULT 0,
  `created_at` timestamp NULL DEFAULT NULL,
  `updated_at` timestamp NULL DEFAULT NULL,
  PRIMARY KEY (`id`)
) ENGINE=InnoDB AUTO_INCREMENT=15 DEFAULT CHARSET=utf8mb4 COLLATE=utf8mb4_unicode_ci;
/*!40101 SET character_set_client = @saved_cs_client */;

--
-- Dumping data for table `nav_menus`
--

LOCK TABLES `nav_menus` WRITE;
/*!40000 ALTER TABLE `nav_menus` DISABLE KEYS */;
INSERT INTO `nav_menus` VALUES (1,'Dashboard','fas fa-home','/page_dashboard','[\"Sr-TESDS\",\"DIVISION-SupervisingTESDS\",\"DIVISION-ADMIN\",\"DIVISION-CHIEF\",\"DDG\",\"ED\",\"AED\",\"EA\",\"TESDS\",\"ADMIN\",\"Developer\"]','[\"SU\",\"HRDC\",\"CO-PRD\",\"CO-CAD\",\"CO\",\"NTTA\",\"ROMO-ROMD\",\"ROMO\",\"QSO-CTADD\",\"QSO-CPSDD\",\"QSO-CSDD\",\"NSOWPS\",\"PLO\",\"PLO-PNAD\",\"FMS-BD\",\"FMS-AD\",\"FMS\",\"e-TESDA\",\"ICTO-ITPMD\",\"ICTO-ITOD\",\"ICTO\",\"TWC\",\"PLO-PAID\",\"NITESD-LDD\",\"NITESD-TRDD\",\"ODDG-TESDO\",\"FSTP\",\"PO-KMQAD\",\"SIPTVET\",\"PMO\",\"TBS\",\"ODDG-FLA\",\"ODDG-AI\",\"ODDG-SC\",\"ODDG-PL\",\"OSEC\",\"PIO\",\"PIAD\",\"PO-LMID\",\"PO-FRPDD\",\"PO-PPD\",\"PO-PRED\",\"TDI\",\"SMD-SMO\",\"SMO\",\"CCU\",\"IAD\",\"DEV\",\"NITESD\",\"QSO\",\"PO\",\"ODDG-PP\"]',0,0,'2025-11-03 22:19:19','2026-01-20 02:51:59'),(2,'User Management','fas fa-users','/page_usermanagement','[\"Sr-TESDS\",\"DIVISION-SupervisingTESDS\",\"DIVISION-ADMIN\",\"DIVISION-CHIEF\",\"DDG\",\"ED\",\"AED\",\"EA\",\"TESDS\",\"ADMIN\",\"Developer\"]','[\"SU\",\"DEV\",\"ODDG-PP\"]',0,4,'2025-11-03 22:19:19','2026-01-20 03:39:20'),(3,'Developer Option','fas fa-users','#','[\"Sr-TESDS\",\"DIVISION-SupervisingTESDS\",\"DIVISION-ADMIN\",\"DIVISION-CHIEF\",\"DDG\",\"ED\",\"AED\",\"EA\",\"TESDS\",\"ADMIN\",\"Developer\"]','[\"SU\",\"DEV\",\"ODDG-PP\"]',0,6,'2025-11-03 22:19:19','2026-01-20 02:52:58'),(4,'Mailer',NULL,'/page_mailer','[\"Sr-TESDS\",\"DIVISION-SupervisingTESDS\",\"DIVISION-ADMIN\",\"DIVISION-CHIEF\",\"DDG\",\"ED\",\"AED\",\"EA\",\"TESDS\",\"ADMIN\",\"Developer\"]','[\"SU\",\"DEV\",\"ODDG-PP\"]',3,1,'2025-11-03 22:19:19','2026-01-20 02:52:58'),(5,'Menus',NULL,'/page_menus','[\"Sr-TESDS\",\"DIVISION-SupervisingTESDS\",\"DIVISION-ADMIN\",\"DIVISION-CHIEF\",\"DDG\",\"ED\",\"AED\",\"EA\",\"TESDS\",\"ADMIN\",\"Developer\"]','[\"SU\",\"DEV\",\"ODDG-PP\"]',3,2,'2025-11-03 22:19:19','2026-01-20 02:52:58'),(6,'Documents',NULL,'/page_documents','[\"Sr-TESDS\",\"DIVISION-SupervisingTESDS\",\"DIVISION-ADMIN\",\"DIVISION-CHIEF\",\"DDG\",\"ED\",\"AED\",\"EA\",\"TESDS\",\"ADMIN\",\"Developer\"]','[\"SU\",\"HRDC\",\"CO-PRD\",\"CO-CAD\",\"CO\",\"NTTA\",\"ROMO-ROMD\",\"ROMO\",\"QSO-CTADD\",\"QSO-CPSDD\",\"QSO-CSDD\",\"NSOWPS\",\"PLO\",\"PLO-PNAD\",\"FMS-BD\",\"FMS-AD\",\"FMS\",\"e-TESDA\",\"ICTO-ITPMD\",\"ICTO-ITOD\",\"ICTO\",\"TWC\",\"PLO-PAID\",\"NITESD-LDD\",\"NITESD-TRDD\",\"ODDG-TESDO\",\"FSTP\",\"PO-KMQAD\",\"SIPTVET\",\"PMO\",\"TBS\",\"ODDG-FLA\",\"ODDG-AI\",\"ODDG-SC\",\"ODDG-PL\",\"OSEC\",\"PIO\",\"PIAD\",\"PO-LMID\",\"PO-FRPDD\",\"PO-PPD\",\"PO-PRED\",\"TDI\",\"SMD-SMO\",\"SMO\",\"CCU\",\"IAD\",\"DEV\",\"NITESD\",\"QSO\",\"PO\",\"ODDG-PP\"]',0,2,'2025-11-04 01:04:07','2026-01-20 02:52:20'),(7,'Reports',NULL,'#','[\"Sr-TESDS\",\"DIVISION-SupervisingTESDS\",\"DIVISION-ADMIN\",\"DIVISION-CHIEF\",\"DDG\",\"ED\",\"AED\",\"EA\",\"TESDS\",\"ADMIN\",\"Developer\"]','[\"SU\",\"HRDC\",\"CO-PRD\",\"CO-CAD\",\"CO\",\"NTTA\",\"ROMO-ROMD\",\"ROMO\",\"QSO-CTADD\",\"QSO-CPSDD\",\"QSO-CSDD\",\"NSOWPS\",\"PLO\",\"PLO-PNAD\",\"FMS-BD\",\"FMS-AD\",\"FMS\",\"e-TESDA\",\"ICTO-ITPMD\",\"ICTO-ITOD\",\"ICTO\",\"TWC\",\"PLO-PAID\",\"NITESD-LDD\",\"NITESD-TRDD\",\"ODDG-TESDO\",\"FSTP\",\"PO-KMQAD\",\"SIPTVET\",\"PMO\",\"TBS\",\"ODDG-FLA\",\"ODDG-AI\",\"ODDG-SC\",\"ODDG-PL\",\"OSEC\",\"PIO\",\"PIAD\",\"PO-LMID\",\"PO-FRPDD\",\"PO-PPD\",\"PO-PRED\",\"TDI\",\"SMD-SMO\",\"SMO\",\"CCU\",\"IAD\",\"DEV\",\"NITESD\",\"QSO\",\"PO\",\"ODDG-PP\"]',0,5,'2025-11-04 01:04:47','2026-01-20 02:52:40'),(8,'For Approval',NULL,'/page_approvals','[\"Sr-TESDS\",\"DIVISION-SupervisingTESDS\",\"DIVISION-CHIEF\",\"DDG\",\"ED\",\"AED\",\"EA\",\"TESDS\",\"Developer\"]','[\"SU\",\"HRDC\",\"CO-PRD\",\"CO-CAD\",\"CO\",\"NTTA\",\"ROMO-ROMD\",\"ROMO\",\"QSO-CTADD\",\"QSO-CPSDD\",\"QSO-CSDD\",\"NSOWPS\",\"PLO\",\"PLO-PNAD\",\"FMS-BD\",\"FMS-AD\",\"FMS\",\"e-TESDA\",\"ICTO-ITPMD\",\"ICTO-ITOD\",\"ICTO\",\"TWC\",\"PLO-PAID\",\"NITESD-LDD\",\"NITESD-TRDD\",\"ODDG-TESDO\",\"FSTP\",\"PO-KMQAD\",\"SIPTVET\",\"PMO\",\"TBS\",\"ODDG-FLA\",\"ODDG-AI\",\"ODDG-SC\",\"ODDG-PL\",\"OSEC\",\"PIO\",\"PIAD\",\"PO-LMID\",\"PO-FRPDD\",\"PO-PPD\",\"PO-PRED\",\"TDI\",\"SMD-SMO\",\"SMO\",\"CCU\",\"IAD\",\"DEV\",\"NITESD\",\"QSO\",\"PO\",\"ODDG-PP\"]',0,1,'2025-11-04 01:05:11','2026-01-20 02:52:15'),(9,'User Report',NULL,'/page_reports_users','[\"Sr-TESDS\",\"DIVISION-SupervisingTESDS\",\"DIVISION-ADMIN\",\"DIVISION-CHIEF\",\"DDG\",\"ED\",\"AED\",\"EA\",\"TESDS\",\"ADMIN\",\"Developer\"]','[\"SU\",\"HRDC\",\"CO-PRD\",\"CO-CAD\",\"CO\",\"NTTA\",\"ROMO-ROMD\",\"ROMO\",\"QSO-CTADD\",\"QSO-CPSDD\",\"QSO-CSDD\",\"NSOWPS\",\"PLO\",\"PLO-PNAD\",\"FMS-BD\",\"FMS-AD\",\"FMS\",\"e-TESDA\",\"ICTO-ITPMD\",\"ICTO-ITOD\",\"ICTO\",\"TWC\",\"PLO-PAID\",\"NITESD-LDD\",\"NITESD-TRDD\",\"ODDG-TESDO\",\"FSTP\",\"PO-KMQAD\",\"SIPTVET\",\"PMO\",\"TBS\",\"ODDG-FLA\",\"ODDG-AI\",\"ODDG-SC\",\"ODDG-PL\",\"OSEC\",\"PIO\",\"PIAD\",\"PO-LMID\",\"PO-FRPDD\",\"PO-PPD\",\"PO-PRED\",\"TDI\",\"SMD-SMO\",\"SMO\",\"CCU\",\"IAD\",\"DEV\",\"NITESD\",\"QSO\",\"PO\",\"ODDG-PP\"]',7,1,'2025-11-04 01:05:48','2026-01-20 02:52:40'),(10,'Document Report',NULL,'/page_reports_documents','[\"Sr-TESDS\",\"DIVISION-SupervisingTESDS\",\"DIVISION-ADMIN\",\"DIVISION-CHIEF\",\"DDG\",\"ED\",\"AED\",\"EA\",\"TESDS\",\"ADMIN\",\"Developer\"]','[\"SU\",\"HRDC\",\"CO-PRD\",\"CO-CAD\",\"CO\",\"NTTA\",\"ROMO-ROMD\",\"ROMO\",\"QSO-CTADD\",\"QSO-CPSDD\",\"QSO-CSDD\",\"NSOWPS\",\"PLO\",\"PLO-PNAD\",\"FMS-BD\",\"FMS-AD\",\"FMS\",\"e-TESDA\",\"ICTO-ITPMD\",\"ICTO-ITOD\",\"ICTO\",\"TWC\",\"PLO-PAID\",\"NITESD-LDD\",\"NITESD-TRDD\",\"ODDG-TESDO\",\"FSTP\",\"PO-KMQAD\",\"SIPTVET\",\"PMO\",\"TBS\",\"ODDG-FLA\",\"ODDG-AI\",\"ODDG-SC\",\"ODDG-PL\",\"OSEC\",\"PIO\",\"PIAD\",\"PO-LMID\",\"PO-FRPDD\",\"PO-PPD\",\"PO-PRED\",\"TDI\",\"SMD-SMO\",\"SMO\",\"CCU\",\"IAD\",\"DEV\",\"NITESD\",\"QSO\",\"PO\",\"ODDG-PP\"]',7,2,'2025-11-04 01:06:25','2026-01-20 02:52:40'),(11,'Settings',NULL,'/page_settings','[\"Sr-TESDS\",\"DIVISION-SupervisingTESDS\",\"DIVISION-ADMIN\",\"DIVISION-CHIEF\",\"DDG\",\"ED\",\"AED\",\"EA\",\"TESDS\",\"ADMIN\",\"Developer\"]','[\"SU\",\"DEV\",\"ODDG-PP\"]',3,3,'2025-11-04 17:02:48','2026-01-20 02:52:58'),(14,'Finance Tracker',NULL,'page_finance_tracker','[\"Sr-TESDS\",\"DIVISION-SupervisingTESDS\",\"DIVISION-ADMIN\",\"DIVISION-CHIEF\",\"DDG\",\"ED\",\"AED\",\"EA\",\"TESDS\",\"ADMIN\",\"Developer\"]','[\"SU\",\"HRDC\",\"CO-PRD\",\"CO-CAD\",\"CO\",\"NTTA\",\"ROMO-ROMD\",\"ROMO\",\"QSO-CTADD\",\"QSO-CPSDD\",\"QSO-CSDD\",\"NSOWPS\",\"PLO\",\"PLO-PNAD\",\"FMS-BD\",\"FMS-AD\",\"FMS\",\"e-TESDA\",\"ICTO-ITPMD\",\"ICTO-ITOD\",\"ICTO\",\"TWC\",\"PLO-PAID\",\"NITESD-LDD\",\"NITESD-TRDD\",\"ODDG-TESDO\",\"FSTP\",\"PO-KMQAD\",\"SIPTVET\",\"PMO\",\"TBS\",\"ODDG-FLA\",\"ODDG-AI\",\"ODDG-SC\",\"ODDG-PL\",\"OSEC\",\"PIO\",\"PIAD\",\"PO-LMID\",\"PO-FRPDD\",\"PO-PPD\",\"PO-PRED\",\"TDI\",\"SMD-SMO\",\"SMO\",\"CCU\",\"IAD\",\"DEV\",\"NITESD\",\"QSO\",\"PO\",\"ODDG-PP\"]',0,3,'2026-01-14 00:00:29','2026-01-20 02:52:27');
/*!40000 ALTER TABLE `nav_menus` ENABLE KEYS */;
UNLOCK TABLES;

--
-- Table structure for table `notifications`
--

DROP TABLE IF EXISTS `notifications`;
/*!40101 SET @saved_cs_client     = @@character_set_client */;
/*!50503 SET character_set_client = utf8mb4 */;
CREATE TABLE `notifications` (
  `id` bigint(20) unsigned NOT NULL AUTO_INCREMENT,
  `office_origin` varchar(255) DEFAULT NULL,
  `destination_office` varchar(255) DEFAULT NULL,
  `routed_to` int(11) DEFAULT NULL,
  `document_id` bigint(20) unsigned NOT NULL,
  `user_id` bigint(20) unsigned NOT NULL,
  `from_user_id` varchar(10) DEFAULT NULL,
  `message` text NOT NULL,
  `is_read` tinyint(1) NOT NULL DEFAULT 0,
  `created_at` timestamp NULL DEFAULT NULL,
  `updated_at` timestamp NULL DEFAULT NULL,
  PRIMARY KEY (`id`),
  KEY `notifications_document_id_foreign` (`document_id`),
  KEY `notifications_user_id_foreign` (`user_id`),
  CONSTRAINT `notifications_document_id_foreign` FOREIGN KEY (`document_id`) REFERENCES `documents` (`document_id`) ON DELETE CASCADE,
  CONSTRAINT `notifications_user_id_foreign` FOREIGN KEY (`user_id`) REFERENCES `users` (`id`) ON DELETE CASCADE
) ENGINE=InnoDB AUTO_INCREMENT=907 DEFAULT CHARSET=utf8mb4 COLLATE=utf8mb4_unicode_ci;
/*!40101 SET character_set_client = @saved_cs_client */;

--
-- Dumping data for table `notifications`
--

LOCK TABLES `notifications` WRITE;
/*!40000 ALTER TABLE `notifications` DISABLE KEYS */;
INSERT INTO `notifications` VALUES (818,'DEV','ODDG-PP',NULL,249,16,'45','45 has confirmed receipt of the document',1,'2026-01-20 02:45:25','2026-01-26 02:18:16'),(819,'DEV','ODDG-PP',NULL,249,16,'45','45 has confirmed receipt of the document',1,'2026-01-20 02:45:26','2026-01-26 02:18:16'),(820,'DEV','ODDG-PP',NULL,249,16,'45','45 has confirmed receipt of the document',1,'2026-01-20 02:45:28','2026-01-26 02:18:16'),(821,'DEV','ODDG-PP',NULL,249,16,'45','45 has confirmed receipt of the document',1,'2026-01-20 02:45:30','2026-01-26 02:18:16'),(822,'DEV','ODDG-PP',NULL,249,16,'45','45 has confirmed receipt of the document',1,'2026-01-20 02:45:30','2026-01-26 02:18:16'),(841,'DEV','SU',NULL,248,16,'43','43 has confirmed receipt of the document',1,'2026-01-20 03:37:00','2026-01-26 02:18:16'),(848,'DEV','DEV',NULL,248,16,'43','20012026-00001 has been routed to DEV by  minton diaz',1,'2026-01-20 04:09:36','2026-01-26 02:18:16'),(887,'PO','NITESD',NULL,263,63,'58','New document uploaded: 123',1,'2026-01-26 02:45:39','2026-01-26 02:46:20'),(888,'PO','NITESD',NULL,263,64,'58','New document uploaded: 123',0,'2026-01-26 02:45:43','2026-01-26 02:45:43'),(889,'ODDG-PP','PO',NULL,264,58,'49','New document uploaded: test',0,'2026-01-26 03:06:49','2026-01-26 03:06:49'),(890,'ODDG-PP','PO',NULL,264,59,'49','New document uploaded: test',0,'2026-01-26 03:06:53','2026-01-26 03:06:53'),(891,'ODDG-PP','PO',NULL,266,58,'49','New document uploaded: asd',0,'2026-01-26 03:09:08','2026-01-26 03:09:08'),(892,'ODDG-PP','PO',NULL,266,59,'49','New document uploaded: asd',0,'2026-01-26 03:09:09','2026-01-26 03:09:09'),(893,'ODDG-PP','QSO',NULL,267,54,'49','New document uploaded: asdads',0,'2026-01-26 03:10:25','2026-01-26 03:10:25'),(894,'ODDG-PP','QSO',NULL,267,55,'49','New document uploaded: asdads',0,'2026-01-26 03:10:25','2026-01-26 03:10:25'),(895,'ODDG-PP','QSO',NULL,268,54,'49','New document uploaded: asdasd',0,'2026-01-26 03:17:02','2026-01-26 03:17:02'),(896,'ODDG-PP','QSO',NULL,268,55,'49','New document uploaded: asdasd',0,'2026-01-26 03:17:02','2026-01-26 03:17:02'),(897,'ODDG-PP','PO',NULL,266,49,'58','58 has confirmed receipt of the document',1,'2026-01-26 05:28:51','2026-01-26 08:09:48'),(898,'ODDG-PP','PO',NULL,266,62,'58','26012026-00004 has been routed you by  PO Admin for approval',0,'2026-01-26 05:29:20','2026-01-26 05:29:20'),(899,'ODDG-PP','QSO',NULL,266,54,'58','26012026-00004 has been routed to QSO by  PO Admin',0,'2026-01-26 05:41:52','2026-01-26 05:41:52'),(900,'ODDG-PP','QSO',NULL,266,55,'58','26012026-00004 has been routed to QSO by  PO Admin',0,'2026-01-26 05:41:52','2026-01-26 05:41:52'),(901,'QSO','ODDG-PP',NULL,269,49,'54','New document uploaded: qweq',1,'2026-01-26 05:59:28','2026-01-26 08:09:48'),(902,'QSO','ODDG-PP',NULL,269,50,'54','New document uploaded: qweq',0,'2026-01-26 05:59:29','2026-01-26 05:59:29'),(903,'ODDG-PP','ODDG-PP',NULL,270,49,'49','New document uploaded: asd',1,'2026-01-26 07:14:10','2026-01-26 08:09:48'),(904,'ODDG-PP','ODDG-PP',NULL,270,50,'49','New document uploaded: asd',0,'2026-01-26 07:14:10','2026-01-26 07:14:10'),(905,'ODDG-PP','ODDG-PP',NULL,270,49,'49','49 has confirmed receipt of the document',1,'2026-01-26 07:16:13','2026-01-26 08:09:48'),(906,'QSO','ODDG-PP',NULL,269,54,'49','49 has confirmed receipt of the document',0,'2026-01-26 07:17:39','2026-01-26 07:17:39');
/*!40000 ALTER TABLE `notifications` ENABLE KEYS */;
UNLOCK TABLES;

--
-- Table structure for table `office_table`
--

DROP TABLE IF EXISTS `office_table`;
/*!40101 SET @saved_cs_client     = @@character_set_client */;
/*!50503 SET character_set_client = utf8mb4 */;
CREATE TABLE `office_table` (
  `office_id` int(10) unsigned NOT NULL AUTO_INCREMENT,
  `office_name` varchar(100) NOT NULL,
  `office_code` varchar(20) NOT NULL,
  `parent_office_id` int(11) DEFAULT NULL,
  `office_level` tinyint(4) NOT NULL DEFAULT 1,
  `created_at` timestamp NOT NULL DEFAULT current_timestamp(),
  PRIMARY KEY (`office_id`),
  UNIQUE KEY `office_table_office_code_unique` (`office_code`)
) ENGINE=InnoDB AUTO_INCREMENT=91 DEFAULT CHARSET=utf8mb4 COLLATE=utf8mb4_unicode_ci;
/*!40101 SET character_set_client = @saved_cs_client */;

--
-- Dumping data for table `office_table`
--

LOCK TABLES `office_table` WRITE;
/*!40000 ALTER TABLE `office_table` DISABLE KEYS */;
INSERT INTO `office_table` VALUES (5,'DEV','DEV',6,1,'2025-11-24 02:28:10'),(76,'Office of the Senior Deputy Director General Policies and Planning','ODDG-PP',0,1,'2026-01-26 01:41:09'),(77,'Planning Office','PO',76,3,'2026-01-26 01:45:56'),(78,'Quality and Standards Office','QSO',76,3,'2026-01-26 01:47:30'),(79,'National Institute for Technical Education and Skills Development','NITESD',76,3,'2026-01-26 01:48:08'),(80,'Policy Research and Evaluation Division','PRED',77,4,'2026-01-26 01:49:00'),(81,'Policy and Planning Division','PPD',77,4,'2026-01-26 01:50:09'),(82,'Foreign Relations and Project Development Division','FRPDD',77,4,'2026-01-26 01:50:39'),(83,'Knowledge Management and Quality Assurance Division','KMQAD',77,4,'2026-01-26 01:51:22'),(84,'Labor Market Information Division','LMID',77,4,'2026-01-26 01:51:49'),(85,'Competency Standards Development Division','CSDD',78,4,'2026-01-26 02:01:27'),(86,'Competemcy Programs and System Development Division','CPSDD',78,4,'2026-01-26 02:02:07'),(87,'Curriculum and Training Aids Development Division','CTADD',78,4,'2026-01-26 02:05:11'),(88,'International Referencing and Standard Alignment','IRSA',78,4,'2026-01-26 02:14:13'),(89,'Technology Research and Development Division','TRDD',79,4,'2026-01-26 02:14:41'),(90,'Learner Development Division','LDD',79,4,'2026-01-26 02:14:59');
/*!40000 ALTER TABLE `office_table` ENABLE KEYS */;
UNLOCK TABLES;

--
-- Table structure for table `password_reset_tokens`
--

DROP TABLE IF EXISTS `password_reset_tokens`;
/*!40101 SET @saved_cs_client     = @@character_set_client */;
/*!50503 SET character_set_client = utf8mb4 */;
CREATE TABLE `password_reset_tokens` (
  `email` varchar(255) NOT NULL,
  `token` varchar(255) NOT NULL,
  `created_at` timestamp NULL DEFAULT NULL,
  PRIMARY KEY (`email`)
) ENGINE=InnoDB DEFAULT CHARSET=utf8mb4 COLLATE=utf8mb4_unicode_ci;
/*!40101 SET character_set_client = @saved_cs_client */;

--
-- Dumping data for table `password_reset_tokens`
--

LOCK TABLES `password_reset_tokens` WRITE;
/*!40000 ALTER TABLE `password_reset_tokens` DISABLE KEYS */;
/*!40000 ALTER TABLE `password_reset_tokens` ENABLE KEYS */;
UNLOCK TABLES;

--
-- Table structure for table `personal_access_tokens`
--

DROP TABLE IF EXISTS `personal_access_tokens`;
/*!40101 SET @saved_cs_client     = @@character_set_client */;
/*!50503 SET character_set_client = utf8mb4 */;
CREATE TABLE `personal_access_tokens` (
  `id` bigint(20) unsigned NOT NULL AUTO_INCREMENT,
  `tokenable_type` varchar(255) NOT NULL,
  `tokenable_id` bigint(20) unsigned NOT NULL,
  `name` varchar(255) NOT NULL,
  `token` varchar(64) NOT NULL,
  `abilities` text DEFAULT NULL,
  `last_used_at` timestamp NULL DEFAULT NULL,
  `expires_at` timestamp NULL DEFAULT NULL,
  `created_at` timestamp NULL DEFAULT NULL,
  `updated_at` timestamp NULL DEFAULT NULL,
  PRIMARY KEY (`id`),
  UNIQUE KEY `personal_access_tokens_token_unique` (`token`),
  KEY `personal_access_tokens_tokenable_type_tokenable_id_index` (`tokenable_type`,`tokenable_id`)
) ENGINE=InnoDB DEFAULT CHARSET=utf8mb4 COLLATE=utf8mb4_unicode_ci;
/*!40101 SET character_set_client = @saved_cs_client */;

--
-- Dumping data for table `personal_access_tokens`
--

LOCK TABLES `personal_access_tokens` WRITE;
/*!40000 ALTER TABLE `personal_access_tokens` DISABLE KEYS */;
/*!40000 ALTER TABLE `personal_access_tokens` ENABLE KEYS */;
UNLOCK TABLES;

--
-- Table structure for table `sessions`
--

DROP TABLE IF EXISTS `sessions`;
/*!40101 SET @saved_cs_client     = @@character_set_client */;
/*!50503 SET character_set_client = utf8mb4 */;
CREATE TABLE `sessions` (
  `id` varchar(255) NOT NULL,
  `user_id` bigint(20) unsigned DEFAULT NULL,
  `ip_address` varchar(45) DEFAULT NULL,
  `user_agent` text DEFAULT NULL,
  `payload` longtext NOT NULL,
  `last_activity` int(11) NOT NULL,
  PRIMARY KEY (`id`),
  KEY `sessions_user_id_index` (`user_id`),
  KEY `sessions_last_activity_index` (`last_activity`)
) ENGINE=InnoDB DEFAULT CHARSET=utf8mb4 COLLATE=utf8mb4_unicode_ci;
/*!40101 SET character_set_client = @saved_cs_client */;

--
-- Dumping data for table `sessions`
--

LOCK TABLES `sessions` WRITE;
/*!40000 ALTER TABLE `sessions` DISABLE KEYS */;
/*!40000 ALTER TABLE `sessions` ENABLE KEYS */;
UNLOCK TABLES;

--
-- Table structure for table `setting_role`
--

DROP TABLE IF EXISTS `setting_role`;
/*!40101 SET @saved_cs_client     = @@character_set_client */;
/*!50503 SET character_set_client = utf8mb4 */;
CREATE TABLE `setting_role` (
  `id` bigint(20) unsigned NOT NULL AUTO_INCREMENT,
  `role_name` varchar(255) NOT NULL,
  PRIMARY KEY (`id`)
) ENGINE=InnoDB AUTO_INCREMENT=5 DEFAULT CHARSET=utf8mb4 COLLATE=utf8mb4_unicode_ci;
/*!40101 SET character_set_client = @saved_cs_client */;

--
-- Dumping data for table `setting_role`
--

LOCK TABLES `setting_role` WRITE;
/*!40000 ALTER TABLE `setting_role` DISABLE KEYS */;
INSERT INTO `setting_role` VALUES (1,'superadmin'),(2,'admin'),(3,'user'),(4,'developer');
/*!40000 ALTER TABLE `setting_role` ENABLE KEYS */;
UNLOCK TABLES;

--
-- Table structure for table `themes`
--

DROP TABLE IF EXISTS `themes`;
/*!40101 SET @saved_cs_client     = @@character_set_client */;
/*!50503 SET character_set_client = utf8mb4 */;
CREATE TABLE `themes` (
  `id` bigint(20) unsigned NOT NULL AUTO_INCREMENT,
  `logo` varchar(255) DEFAULT NULL,
  `primary_color` varchar(255) NOT NULL DEFAULT '#1d4ed8',
  `secondary_color` varchar(255) NOT NULL DEFAULT '#64748b',
  `highlight_color` varchar(255) NOT NULL DEFAULT '#f59e0b',
  `accent_color` varchar(255) NOT NULL DEFAULT '#10b981',
  `created_at` timestamp NULL DEFAULT NULL,
  `updated_at` timestamp NULL DEFAULT NULL,
  PRIMARY KEY (`id`)
) ENGINE=InnoDB AUTO_INCREMENT=2 DEFAULT CHARSET=utf8mb4 COLLATE=utf8mb4_unicode_ci;
/*!40101 SET character_set_client = @saved_cs_client */;

--
-- Dumping data for table `themes`
--

LOCK TABLES `themes` WRITE;
/*!40000 ALTER TABLE `themes` DISABLE KEYS */;
INSERT INTO `themes` VALUES (1,'logo.png','#1d4ed8','#64748b','#f59e0b','#10b981',NULL,NULL);
/*!40000 ALTER TABLE `themes` ENABLE KEYS */;
UNLOCK TABLES;

--
-- Table structure for table `userconfig_table`
--

DROP TABLE IF EXISTS `userconfig_table`;
/*!40101 SET @saved_cs_client     = @@character_set_client */;
/*!50503 SET character_set_client = utf8mb4 */;
CREATE TABLE `userconfig_table` (
  `id` int(10) unsigned NOT NULL AUTO_INCREMENT,
  `designation` varchar(100) NOT NULL,
  `approval_type` enum('pre-approval','final-approval','routing') NOT NULL,
  `created_at` timestamp NULL DEFAULT NULL,
  `updated_at` timestamp NULL DEFAULT NULL,
  PRIMARY KEY (`id`)
) ENGINE=InnoDB AUTO_INCREMENT=27 DEFAULT CHARSET=utf8mb4 COLLATE=utf8mb4_unicode_ci;
/*!40101 SET character_set_client = @saved_cs_client */;

--
-- Dumping data for table `userconfig_table`
--

LOCK TABLES `userconfig_table` WRITE;
/*!40000 ALTER TABLE `userconfig_table` DISABLE KEYS */;
INSERT INTO `userconfig_table` VALUES (13,'Developer','routing',NULL,NULL),(14,'ADMIN','routing','2025-11-23 18:36:30','2025-11-23 18:36:30'),(15,'TESDS','pre-approval','2025-11-23 18:36:45','2025-11-23 18:36:45'),(16,'EA','pre-approval','2025-11-23 18:36:56','2025-11-23 18:36:56'),(17,'AED','pre-approval','2025-11-23 18:37:02','2025-11-23 18:37:02'),(18,'ED','final-approval','2025-11-23 18:37:13','2025-11-23 18:37:13'),(19,'DDG','final-approval','2025-11-23 18:37:19','2025-11-23 18:37:19'),(20,'DIVISION-CHIEF','final-approval','2025-11-23 18:40:23','2025-11-23 18:40:23'),(21,'DIVISION-ADMIN','routing','2025-11-23 18:40:31','2025-11-23 18:40:31'),(23,'DIVISION-SupervisingTESDS','pre-approval','2025-11-23 18:41:38','2025-11-23 18:41:38'),(24,'Sr-TESDS','pre-approval','2025-11-23 18:48:21','2025-11-23 18:48:21'),(26,'DIVISION-TESDS','routing','2026-01-26 02:33:40','2026-01-26 02:33:40');
/*!40000 ALTER TABLE `userconfig_table` ENABLE KEYS */;
UNLOCK TABLES;

--
-- Table structure for table `users`
--

DROP TABLE IF EXISTS `users`;
/*!40101 SET @saved_cs_client     = @@character_set_client */;
/*!50503 SET character_set_client = utf8mb4 */;
CREATE TABLE `users` (
  `id` bigint(20) unsigned NOT NULL AUTO_INCREMENT,
  `name` varchar(255) NOT NULL,
  `email` varchar(255) NOT NULL,
  `email_verified_at` timestamp NULL DEFAULT NULL,
  `password` varchar(255) NOT NULL,
  `remember_token` varchar(100) DEFAULT NULL,
  `session_id` varchar(255) DEFAULT NULL,
  `created_at` timestamp NULL DEFAULT NULL,
  `updated_at` timestamp NULL DEFAULT NULL,
  `role` varchar(255) NOT NULL DEFAULT 'user',
  `role_id` bigint(20) unsigned NOT NULL DEFAULT 0,
  `authorize_signatory` int(11) NOT NULL DEFAULT 0,
  `status` varchar(20) NOT NULL DEFAULT 'active',
  `office_id` bigint(20) unsigned DEFAULT 0,
  PRIMARY KEY (`id`),
  UNIQUE KEY `users_email_unique` (`email`)
) ENGINE=InnoDB AUTO_INCREMENT=68 DEFAULT CHARSET=utf8mb4 COLLATE=utf8mb4_unicode_ci;
/*!40101 SET character_set_client = @saved_cs_client */;

--
-- Dumping data for table `users`
--

LOCK TABLES `users` WRITE;
/*!40000 ALTER TABLE `users` DISABLE KEYS */;
INSERT INTO `users` VALUES (16,'Developer','dev@email.com',NULL,'$2y$12$yT3r2NqonCYaWZXW0g1yH.mFjT3OHjfDDp/2sA3goMvX6jAAI4tDW',NULL,NULL,NULL,NULL,'Developer',13,0,'active',5),(49,'PP Admin','pp.admin01@email.com',NULL,'$2y$12$taWvx7PssjfBtKgAb4cM0.qa2TmxnTKkhIiHFl.xwgg4XxXD16ixC',NULL,NULL,'2026-01-26 02:20:40','2026-01-26 02:20:40','ADMIN',14,0,'active',76),(50,'PP Admin 2','pp.admin02@email.com',NULL,'$2y$12$9L8vHiH87uDa5v2yVFJ2uuNlgU5Z2anTFdIbBa9TXq7flml6BpY/G',NULL,NULL,'2026-01-26 02:21:14','2026-01-26 02:21:14','ADMIN',14,0,'active',76),(51,'PP TESDS','pp.tesds@email.com',NULL,'$2y$12$jS.7tJVsnAOi.qnyLfgeseONzP1Lo73z7x/PWP5fpmtTvkALrdO3q',NULL,NULL,'2026-01-26 02:21:43','2026-01-26 02:21:43','TESDS',15,0,'active',76),(52,'PP Sr. TESDS','pp.srtesds@email.com',NULL,'$2y$12$u95OHy6FeuqjqJADz5OhguEJy6g8wVuOKLQU0malP/XcYb4L/DCXa',NULL,NULL,'2026-01-26 02:22:20','2026-01-26 02:22:20','Sr-TESDS',24,0,'active',76),(53,'PP EA','pp.ea@email.com',NULL,'$2y$12$WIlb3QHJvsuydvMI88DC4eMj7N2yNw.336xZNTjhJ.eLUb06GCUcW',NULL,NULL,'2026-01-26 02:22:56','2026-01-26 02:22:56','EA',16,0,'active',76),(54,'QSO Admin','qso.admin01@email.com',NULL,'$2y$12$gKDmx2wWVdvmNwsLj1FNyOxdkjyJC3V.y8Pez3H5QIT10D.LgbzhC',NULL,NULL,'2026-01-26 02:23:33','2026-01-26 02:23:33','ADMIN',14,0,'active',78),(55,'QSO Admin 2','qso.admin02@email.com',NULL,'$2y$12$NPlTxfYRZG8kM.jtxa5bEeGOsCtVKYwcQ4sUdOMr/vbab2ht5Ua8q',NULL,NULL,'2026-01-26 02:24:36','2026-01-26 02:24:36','ADMIN',14,0,'active',78),(56,'QSO Assistant ED','qso.aed@email.com',NULL,'$2y$12$PZIcQSah7yjfMuqoYizNW.HN3aVbHn69u6xpV9mQ7Y0KTHiq.DlqW',NULL,NULL,'2026-01-26 02:25:32','2026-01-26 02:25:32','AED',17,0,'active',78),(57,'QSO Executive Director','qso.ed@email.com',NULL,'$2y$12$NRIoS/lowYvaYxDAksGJIO42q8Ec5hokpECo/P/ZIzV1MjddJrzBW',NULL,NULL,'2026-01-26 02:26:00','2026-01-26 02:26:00','ED',18,0,'active',78),(58,'PO Admin','po.admin01@email.com',NULL,'$2y$12$J5zMAJWBOuSGFYUBds1Q.eWeUkaIn0nqwb75MX9mSfDe7/ckiGajS',NULL,NULL,'2026-01-26 02:26:28','2026-01-26 02:26:28','ADMIN',14,0,'active',77),(59,'PO Admin 2','po.admin02@email.com',NULL,'$2y$12$Tcvmq5OYq/PWndu1ivPPeeAO4SWzWTtHHQiyfSijijwRHhbZQYr1e',NULL,NULL,'2026-01-26 02:27:37','2026-01-26 02:27:37','ADMIN',14,0,'active',77),(60,'PO TESDS','po.tesds@email.com',NULL,'$2y$12$C5/iXLryli8z7jyBPTUZnOJPeisoOiih2ggoRUCOQjyIGF906kCrC',NULL,NULL,'2026-01-26 02:28:12','2026-01-26 02:28:12','TESDS',15,1,'active',77),(61,'PO Assistant ED','po.aed@email.com',NULL,'$2y$12$pPozUUCzbEq/UNWOw8oouukOxNZUoUCRBs/3cGHlK6oOeEfqP6082',NULL,NULL,'2026-01-26 02:28:50','2026-01-26 02:28:50','AED',17,0,'active',77),(62,'PO Executive Director','po.ed@email.com',NULL,'$2y$12$dHHGv4Bh3PTIMbrkEQ4ifOCBz8lQ1YMJOWfw48UOG.xvDQP/hgE3W',NULL,NULL,'2026-01-26 02:29:16','2026-01-26 02:29:16','ED',18,0,'active',77),(63,'NITESD Admin','nitesd.admin01@email.com',NULL,'$2y$12$oseXH.8IRwqR00.DTMyovudvKVB8pFMYAansTM1uTxM.AoDL.qfLK',NULL,NULL,'2026-01-26 02:29:54','2026-01-26 02:29:54','ADMIN',14,0,'active',79),(64,'NITESD Admin 2','nitesd.admin02@email.com',NULL,'$2y$12$SfYyhCci3bmW3OG3Wq4Z3./DWVa0u2PgYOmrgOtoK.ySgOVPjElHu',NULL,NULL,'2026-01-26 02:30:23','2026-01-26 02:30:23','ADMIN',14,0,'active',79),(65,'NITESD TESDS','nitesd.tesds@email.com',NULL,'$2y$12$0AJhNR/8Y057w3F3C/iakuV..XMgi3yO0PXXXVRlk4BDWzuHVfKJa',NULL,NULL,'2026-01-26 02:31:03','2026-01-26 02:31:03','TESDS',15,0,'active',79),(66,'NITESD Assistant ED','nitesd.aed@email.com',NULL,'$2y$12$OX3LY8G9aeYia2Nx81N//OQFSop.isb2cz3j/lgGcpfrno37Qcs8O',NULL,NULL,'2026-01-26 02:31:51','2026-01-26 02:31:51','AED',17,0,'active',79),(67,'NITESD Executive Director','nitesd.ed@email.com',NULL,'$2y$12$GLnqMIWkmcyy8JHFUfLKSO28kbQWqVC7i1Se22wBP/y5DAofnntGq',NULL,NULL,'2026-01-26 02:32:26','2026-01-26 02:32:26','ED',18,0,'active',79);
/*!40000 ALTER TABLE `users` ENABLE KEYS */;
UNLOCK TABLES;

--
-- Dumping routines for database 'dmt_db'
--
/*!40103 SET TIME_ZONE=@OLD_TIME_ZONE */;

/*!40101 SET SQL_MODE=@OLD_SQL_MODE */;
/*!40014 SET FOREIGN_KEY_CHECKS=@OLD_FOREIGN_KEY_CHECKS */;
/*!40014 SET UNIQUE_CHECKS=@OLD_UNIQUE_CHECKS */;
/*!40101 SET CHARACTER_SET_CLIENT=@OLD_CHARACTER_SET_CLIENT */;
/*!40101 SET CHARACTER_SET_RESULTS=@OLD_CHARACTER_SET_RESULTS */;
/*!40101 SET COLLATION_CONNECTION=@OLD_COLLATION_CONNECTION */;
/*!40111 SET SQL_NOTES=@OLD_SQL_NOTES */;

-- Dump completed on 2026-01-26 16:52:47
